number,multiplicity,wyckoff,wyckoff_in_space,site_symmetry,coordinates
1,1,a,a,1,"(x,y,z)"
2,2,e,i,1,"(x,y,z) (-x,-y,-z)"
2,1,d,h,-1,"(1/2,1/2,0)"
2,1,d,e,-1,"(1/2,1/2,0)"
2,1,c,f,-1,"(1/2,0,0)"
2,1,c,d,-1,"(1/2,0,0)"
2,1,b,g,-1,"(0,1/2,0)"
2,1,b,c,-1,"(0,1/2,0)"
1,1,a,b,-1,"(0,0,0)"
2,1,a,a,-1,"(0,0,0)"
3,2,e,e,1,"(x,y,z) (-x,-y,z)"
3,1,d,d,2,"(1/2,1/2,z)"
3,1,c,c,2,"(1/2,0,z)"
3,1,b,b,2,"(0,1/2,z)"
3,1,a,a,2,"(0,0,z)"
4,2,b,c,1,"(x,y,z) (x,y,-z)"
4,1,a,a,m,"(x,y,0)"
5,2,a,a,1,"(x,y,z) (x+1/2,y,-z)"
6,4,j,o,1,"(x,y,z) (-x,-y,z) (-x,-y,-z) (x,y,-z)"
6,2,i,m,m,"(x,y,0) (-x,-y,0)"
6,2,h,l,2,"(1/2,1/2,z) (1/2,1/2,-z)"
6,2,g,k,2,"(1/2,0,z) (1/2,0,-z)"
6,2,f,j,2,"(0,1/2,z) (0,1/2,-z)"
6,2,e,i,2,"(0,0,z) (0,0,-z)"
6,1,d,g,2/m,"(1/2,1/2,0)"
6,1,c,d,2/m,"(0,1/2,0)"
6,1,b,c,2/m,"(1/2,0,0)"
6,1,a,a,2/m,"(0,0,0)"
7,4,e,g,1,"(x,y,z) (-x+1/2,-y,z) (-x,-y,-z) (x+1/2,y,-z)"
7,2,d,f,2,"(1/4,1/2,z) (3/4,1/2,-z)"
7,2,c,e,2,"(1/4,0,z) (3/4,0,-z)"
7,2,b,d,-1,"(0,1/2,0) (1/2,1/2,0)"
7,2,a,a,-1,"(0,0,0) (1/2,0,0)"
8,2,c,e,1,"(x,y,z) (x,-y,-z)"
8,1,b,b,2,"(x,1/2,0)"
8,1,a,a,2,"(x,0,0)"
9,2,a,a,1,"(x,y,z) (x+1/2,-y,-z)"
10,4,b,c,1,"(x,y,z) (x,-y,-z)"
10,2,a,a,2,"(x,0,0)"
11,2,c,c,1,"(x,y,z) (-x,y,z)"
11,1,b,b,m,"(1/2,y,z)"
11,1,a,a,m,"(0,y,z)"
12,2,a,a,1,"(x,y,z) (-x,y+1/2,z)"
13,4,b,b,1,"(x,y,z) (-x,y,z)"
13,2,a,a,m,"(0,y,z)"
14,4,i,o,1,"(x,y,z) (x,-y,-z) (-x,-y,-z) (-x,y,z)"
14,2,h,n,m,"(1/2,y,z) (1/2,-y,-z)"
14,2,g,m,m,"(0,y,z) (0,-y,-z)"
14,2,f,k,2,"(x,1/2,0) (-x,1/2,0)"
14,2,e,i,2,"(x,0,0) (-x,0,0)"
14,1,d,f,2/m,"(1/2,1/2,0)"
14,1,c,c,2/m,"(0,1/2,0)"
14,1,b,b,2/m,"(1/2,0,0)"
14,1,a,a,2/m,"(0,0,0)"
15,4,d,f,1,"(x,y,z) (x+1/2,-y,-z) (-x,-y,-z) (-x+1/2,y,z)"
15,2,c,e,m,"(1/4,y,z) (3/4,-y,-z)"
15,2,b,c,-1,"(0,1/2,0) (1/2,1/2,0)"
15,2,a,a,-1,"(0,0,0) (1/2,0,0)"
16,4,d,g,1,"(x,y,z) (x,-y+1/2,-z) (-x,-y,-z) (-x,y+1/2,z)"
16,2,c,e,2,"(x,1/4,0) (-x,3/4,0)"
16,2,b,c,-1,"(1/2,0,0) (1/2,1/2,0)"
16,2,a,a,-1,"(0,0,0) (0,1/2,0)"
17,4,c,e,1,"(x,y,z) (x+1/2,-y+1/2,-z) (-x,-y,-z) (-x+1/2,y+1/2,z)"
17,2,b,c,-1,"(0,1/2,0) (1/2,0,0)"
17,2,a,a,-1,"(0,0,0) (1/2,1/2,0)"
18,8,f,j,1,"(x,y,z) (x,-y,-z) (-x,-y,-z) (-x,y,z)"
18,4,e,i,m,"(0,y,z) (0,-y,-z)"
18,4,d,g,2,"(x,0,0) (-x,0,0)"
18,4,c,e,-1,"(1/4,1/4,0) (1/4,3/4,0)"
18,2,b,b,2/m,"(1/2,0,0)"
18,2,a,a,2/m,"(0,0,0)"
19,4,m,u,1,"(x,y,z) (-x,-y,z) (-x,y,-z) (x,-y,-z)"
19,2,l,t,..2,"(1/2,1/2,z) (1/2,1/2,-z)"
19,2,k,s,..2,"(0,1/2,z) (0,1/2,-z)"
19,2,j,r,..2,"(1/2,0,z) (1/2,0,-z)"
19,2,i,q,..2,"(0,0,z) (0,0,-z)"
19,2,h,o,.2.,"(1/2,y,0) (1/2,-y,0)"
19,2,g,m,.2.,"(0,y,0) (0,-y,0)"
19,2,f,k,2..,"(x,1/2,0) (-x,1/2,0)"
19,2,e,i,2..,"(x,0,0) (-x,0,0)"
19,1,d,e,222,"(1/2,1/2,0)"
19,1,c,c,222,"(0,1/2,0)"
19,1,b,b,222,"(1/2,0,0)"
19,1,a,a,222,"(0,0,0)"
20,4,d,e,1,"(x,y,z) (x+1/2,-y,-z) (-x+1/2,y,-z) (-x,-y,z)"
20,2,c,c,.2.,"(1/4,y,0) (3/4,-y,0)"
20,2,b,b,..2,"(0,1/2,z) (1/2,1/2,-z)"
20,2,a,a,..2,"(0,0,z) (1/2,0,-z)"
21,4,c,c,1,"(x,y,z) (-x,-y,z) (-x+1/2,y+1/2,-z) (x+1/2,-y+1/2,-z)"
21,2,b,b,..2,"(0,1/2,z) (1/2,0,-z)"
21,2,a,a,..2,"(0,0,z) (1/2,1/2,-z)"
22,8,h,l,1,"(x,y,z) (-x,-y,z) (-x,y,-z) (x,-y,-z)"
22,4,g,k,..2,"(1/4,1/4,z) (3/4,1/4,-z)"
22,4,f,j,..2,"(0,1/2,z) (0,1/2,-z)"
22,4,e,i,..2,"(0,0,z) (0,0,-z)"
22,4,d,g,.2.,"(0,y,0) (0,-y,0)"
22,4,c,e,2..,"(x,0,0) (-x,0,0)"
22,2,b,b,222,"(0,1/2,0)"
22,2,a,a,222,"(0,0,0)"
23,4,i,i,1,"(x,y,z) (-x,-y,z) (x,-y,z) (-x,y,z)"
23,2,h,h,m..,"(1/2,y,z) (1/2,-y,z)"
23,2,g,g,m..,"(0,y,z) (0,-y,z)"
23,2,f,f,.m.,"(x,1/2,z) (-x,1/2,z)"
23,2,e,e,.m.,"(x,0,z) (-x,0,z)"
23,1,d,d,mm2,"(1/2,1/2,z)"
23,1,c,c,mm2,"(1/2,0,z)"
23,1,b,b,mm2,"(0,1/2,z)"
23,1,a,a,mm2,"(0,0,z)"
24,4,d,d,1,"(x,y,z) (-x,-y,z) (x+1/2,-y,z) (-x+1/2,y,z)"
24,2,c,c,m..,"(1/4,y,z) (3/4,-y,z)"
24,2,b,b,..2,"(0,1/2,z) (1/2,1/2,z)"
24,2,a,a,..2,"(0,0,z) (1/2,0,z)"
25,4,c,c,1,"(x,y,z) (-x,-y,z) (x+1/2,-y+1/2,z) (-x+1/2,y+1/2,z)"
25,2,b,b,..2,"(0,1/2,z) (1/2,0,z)"
25,2,a,a,..2,"(0,0,z) (1/2,1/2,z)"
26,8,f,f,1,"(x,y,z) (-x,-y,z) (x,-y,z) (-x,y,z)"
26,4,e,e,m..,"(0,y,z) (0,-y,z)"
26,4,d,d,.m.,"(x,0,z) (-x,0,z)"
26,4,c,c,..2,"(1/4,1/4,z) (1/4,3/4,z)"
26,2,b,b,mm2,"(0,1/2,z)"
26,2,a,a,mm2,"(0,0,z)"
27,4,f,i,1,"(x,y,z) (-x,y,-z) (-x,y,z) (x,y,-z)"
27,2,e,g,..m,"(x,y,0) (-x,y,0)"
27,2,d,f,m..,"(1/2,y,z) (1/2,y,-z)"
27,2,c,e,m..,"(0,y,z) (0,y,-z)"
27,1,b,b,m2m,"(1/2,y,0)"
27,1,a,a,m2m,"(0,y,0)"
28,4,c,c,1,"(x,y,z) (-x,y+1/2,-z) (x,y+1/2,-z) (-x,y,z)"
28,2,b,b,m..,"(1/2,y,z) (1/2,y+1/2,-z)"
28,2,a,a,m..,"(0,y,z) (0,y+1/2,-z)"
29,4,b,c,1,"(x,y,z) (-x,y+1/2,-z) (-x,y+1/2,z) (x,y,-z)"
29,2,a,a,..m,"(x,y,0) (-x,y+1/2,0)"
30,4,c,e,1,"(x,y,z) (-x,y,-z) (x,y+1/2,-z) (-x,y+1/2,z)"
30,2,b,b,.2.,"(1/2,y,0) (1/2,y+1/2,0)"
30,2,a,a,.2.,"(0,y,0) (0,y+1/2,0)"
31,4,c,d,1,"(x,y,z) (-x,y,-z) (x+1/2,y,-z) (-x+1/2,y,z)"
31,2,b,c,m..,"(1/4,y,z) (3/4,y,-z)"
31,2,a,a,.2.,"(0,y,0) (1/2,y,0)"
32,4,b,b,1,"(x,y,z) (-x+1/2,y+1/2,-z) (x+1/2,y+1/2,-z) (-x,y,z)"
32,2,a,a,m..,"(0,y,z) (1/2,y+1/2,-z)"
33,4,a,a,1,"(x,y,z) (-x,y+1/2,-z) (x+1/2,y,-z) (-x+1/2,y+1/2,z)"
34,4,b,c,1,"(x,y,z) (-x,y,-z) (-x+1/2,y+1/2,z) (x+1/2,y+1/2,-z)"
34,2,a,a,.2.,"(0,y,0) (1/2,y+1/2,0)"
35,8,d,f,1,"(x,y,z) (-x,y,-z) (-x,y,z) (x,y,-z)"
35,4,c,d,..m,"(x,y,0) (-x,y,0)"
35,4,b,c,m..,"(0,y,z) (0,y,-z)"
35,2,a,a,m2m,"(0,y,0)"
36,8,c,d,1,"(x,y,z) (-x,y,-z) (-x+1/2,y,z) (x+1/2,y,-z)"
36,4,b,c,m..,"(1/4,y,z) (3/4,y,-z)"
36,4,a,a,.2.,"(0,y,0) (1/2,y,0)"
37,8,r,A,1,"(x,y,z) (-x,-y,z) (-x,y,-z) (x,-y,-z) (-x,-y,-z) (x,y,-z) (x,-y,z) (-x,y,z)"
37,4,q,y,..m,"(x,y,0) (-x,-y,0) (-x,y,0) (x,-y,0)"
37,4,p,x,.m.,"(x,1/2,z) (-x,1/2,z) (-x,1/2,-z) (x,1/2,-z)"
37,4,o,w,.m.,"(x,0,z) (-x,0,z) (-x,0,-z) (x,0,-z)"
37,4,n,v,m..,"(1/2,y,z) (1/2,-y,z) (1/2,y,-z) (1/2,-y,-z)"
37,4,m,u,m..,"(0,y,z) (0,-y,z) (0,y,-z) (0,-y,-z)"
37,2,l,t,mm2,"(1/2,1/2,z) (1/2,1/2,-z)"
37,2,k,s,mm2,"(1/2,0,z) (1/2,0,-z)"
37,2,j,r,mm2,"(0,1/2,z) (0,1/2,-z)"
37,2,i,q,mm2,"(0,0,z) (0,0,-z)"
37,2,h,o,m2m,"(1/2,y,0) (1/2,-y,0)"
37,2,g,m,m2m,"(0,y,0) (0,-y,0)"
37,2,f,k,2mm,"(x,1/2,0) (-x,1/2,0)"
37,2,e,i,2mm,"(x,0,0) (-x,0,0)"
37,1,d,f,mmm,"(1/2,1/2,0)"
37,1,c,e,mmm,"(0,1/2,0)"
37,1,b,b,mmm,"(1/2,0,0)"
37,1,a,a,mmm,"(0,0,0)"
38,8,k,r,1,"(x,y,z) (x,-y,-z) (-x+1/2,-y,z) (-x+1/2,y,-z) (-x,-y,-z) (-x,y,z) (x+1/2,y,-z) (x+1/2,-y,z)"
38,4,j,q,m..,"(0,y,z) (0,-y,-z) (1/2,-y,z) (1/2,y,-z)"
38,4,i,p,2..,"(x,1/2,0) (-x+1/2,1/2,0) (-x,1/2,0) (x+1/2,1/2,0)"
38,4,h,m,2..,"(x,0,0) (-x+1/2,0,0) (-x,0,0) (x+1/2,0,0)"
38,4,g,l,..2,"(1/4,1/2,z) (1/4,1/2,-z) (3/4,1/2,-z) (3/4,1/2,z)"
38,4,f,k,..2,"(1/4,0,z) (1/4,0,-z) (3/4,0,-z) (3/4,0,z)"
38,4,e,i,.2.,"(1/4,y,0) (1/4,-y,0) (3/4,-y,0) (3/4,y,0)"
38,2,d,f,222,"(1/4,1/2,0) (3/4,1/2,0)"
38,2,c,e,222,"(1/4,0,0) (3/4,0,0)"
38,2,b,d,2/m..,"(0,1/2,0) (1/2,1/2,0)"
38,2,a,a,2/m..,"(0,0,0) (1/2,0,0)"
39,8,h,m,1,"(x,y,z) (-x+1/2,-y+1/2,z) (-x+1/2,y,-z) (x,-y+1/2,-z) (-x,-y,-z) (x+1/2,y+1/2,-z) (x+1/2,-y,z) (-x,y+1/2,z)"
39,4,g,l,..2,"(1/4,3/4,z) (1/4,3/4,-z) (3/4,1/4,-z) (3/4,1/4,z)"
39,4,f,k,..2,"(1/4,1/4,z) (1/4,1/4,-z) (3/4,3/4,-z) (3/4,3/4,z)"
39,4,e,i,.2.,"(1/4,y,0) (1/4,-y+1/2,0) (3/4,-y,0) (3/4,y+1/2,0)"
39,4,d,g,2..,"(x,1/4,0) (-x+1/2,1/4,0) (-x,3/4,0) (x+1/2,3/4,0)"
39,4,c,e,-1,"(0,0,0) (1/2,1/2,0) (1/2,0,0) (0,1/2,0)"
39,2,b,b,222,"(3/4,1/4,0) (1/4,3/4,0)"
39,2,a,a,222,"(1/4,1/4,0) (3/4,3/4,0)"
40,8,h,l,1,"(x,y,z) (-x+1/2,y,-z) (-x,-y,z) (x+1/2,-y,-z) (-x,-y,-z) (x+1/2,-y,z) (x,y,-z) (-x+1/2,y,z)"
40,4,g,k,m..,"(1/4,y,z) (1/4,y,-z) (3/4,-y,z) (3/4,-y,-z)"
40,4,f,i,..m,"(x,y,0) (-x+1/2,y,0) (-x,-y,0) (x+1/2,-y,0)"
40,4,e,h,..2,"(0,1/2,z) (1/2,1/2,-z) (0,1/2,-z) (1/2,1/2,z)"
40,4,d,g,..2,"(0,0,z) (1/2,0,-z) (0,0,-z) (1/2,0,z)"
40,2,c,e,m2m,"(1/4,y,0) (3/4,-y,0)"
40,2,b,c,..2/m,"(0,1/2,0) (1/2,1/2,0)"
40,2,a,a,..2/m,"(0,0,0) (1/2,0,0)"
41,8,i,l,1,"(x,y,z) (-x+1/2,-y,z) (-x,y,-z) (x+1/2,-y,-z) (-x,-y,-z) (x+1/2,y,-z) (x,-y,z) (-x+1/2,y,z)"
41,4,h,k,m..,"(1/4,y,z) (1/4,-y,z) (3/4,y,-z) (3/4,-y,-z)"
41,4,g,j,.m.,"(x,1/2,z) (-x+1/2,1/2,z) (-x,1/2,-z) (x+1/2,1/2,-z)"
41,4,f,i,.m.,"(x,0,z) (-x+1/2,0,z) (-x,0,-z) (x+1/2,0,-z)"
41,4,e,g,.2.,"(0,y,0) (1/2,-y,0) (0,-y,0) (1/2,y,0)"
41,2,d,f,mm2,"(1/4,1/2,z) (3/4,1/2,-z)"
41,2,c,e,mm2,"(1/4,0,z) (3/4,0,-z)"
41,2,b,b,.2/m.,"(0,1/2,0) (1/2,1/2,0)"
41,2,a,a,.2/m.,"(0,0,0) (1/2,0,0)"
42,8,f,i,1,"(x,y,z) (-x+1/2,y+1/2,-z) (-x+1/2,-y+1/2,z) (x,-y,-z) (-x,-y,-z) (x+1/2,-y+1/2,z) (x+1/2,y+1/2,-z) (-x,y,z)"
42,4,e,h,m..,"(0,y,z) (1/2,y+1/2,-z) (1/2,-y+1/2,z) (0,-y,-z)"
42,4,d,g,..2,"(1/4,1/4,z) (1/4,3/4,-z) (3/4,3/4,-z) (3/4,1/4,z)"
42,4,c,e,2..,"(x,0,0) (-x+1/2,1/2,0) (-x,0,0) (x+1/2,1/2,0)"
42,2,b,b,2/m..,"(1/2,0,0) (0,1/2,0)"
42,2,a,a,2/m..,"(0,0,0) (1/2,1/2,0)"
43,8,d,f,1,"(x,y,z) (x,-y+1/2,-z) (-x+1/2,-y,z) (-x+1/2,y+1/2,-z) (-x,-y,-z) (-x,y+1/2,z) (x+1/2,y,-z) (x+1/2,-y+1/2,z)"
43,4,c,d,2..,"(x,1/4,0) (-x+1/2,3/4,0) (-x,3/4,0) (x+1/2,1/4,0)"
43,4,b,c,..2,"(1/4,0,z) (1/4,1/2,-z) (3/4,0,-z) (3/4,1/2,z)"
43,4,a,a,-1,"(0,0,0) (0,1/2,0) (1/2,0,0) (1/2,1/2,0)"
44,8,f,i,1,"(x,y,z) (-x,-y,z) (-x+1/2,y+1/2,-z) (x+1/2,-y+1/2,-z) (-x,-y,-z) (x,y,-z) (x+1/2,-y+1/2,z) (-x+1/2,y+1/2,z)"
44,4,e,g,..m,"(x,y,0) (-x,-y,0) (-x+1/2,y+1/2,0) (x+1/2,-y+1/2,0)"
44,4,d,f,..2,"(0,1/2,z) (1/2,0,-z) (0,1/2,-z) (1/2,0,z)"
44,4,c,e,..2,"(0,0,z) (1/2,1/2,-z) (0,0,-z) (1/2,1/2,z)"
44,2,b,c,..2/m,"(0,1/2,0) (1/2,0,0)"
44,2,a,a,..2/m,"(0,0,0) (1/2,1/2,0)"
45,8,d,e,1,"(x,y,z) (-x,y+1/2,-z) (x+1/2,-y+1/2,-z) (-x+1/2,-y,z) (-x,-y,-z) (x,-y+1/2,z) (-x+1/2,y+1/2,z) (x+1/2,y,-z)"
45,4,c,d,.m.,"(x,1/4,z) (-x,3/4,-z) (x+1/2,1/4,-z) (-x+1/2,3/4,z)"
45,4,b,c,..2,"(1/4,0,z) (3/4,1/2,-z) (3/4,0,-z) (1/4,1/2,z)"
45,4,a,a,-1,"(0,0,0) (0,1/2,0) (1/2,1/2,0) (1/2,0,0)"
46,8,f,g,1,"(x,y,z) (-x+1/2,-y+1/2,z) (-x,y+1/2,-z) (x+1/2,-y,-z) (-x,-y,-z) (x+1/2,y+1/2,-z) (x,-y+1/2,z) (-x+1/2,y,z)"
46,4,e,f,.m.,"(x,1/4,z) (-x+1/2,1/4,z) (-x,3/4,-z) (x+1/2,3/4,-z)"
46,4,d,e,m..,"(1/4,y,z) (1/4,-y+1/2,z) (3/4,y+1/2,-z) (3/4,-y,-z)"
46,4,c,c,-1,"(0,0,0) (1/2,1/2,0) (0,1/2,0) (1/2,0,0)"
46,2,b,b,mm2,"(1/4,3/4,z) (3/4,1/4,-z)"
46,2,a,a,mm2,"(1/4,1/4,z) (3/4,3/4,-z)"
47,16,l,r,1,"(x,y,z) (-x,-y,z) (-x,y,-z) (x,-y,-z) (-x,-y,-z) (x,y,-z) (x,-y,z) (-x,y,z)"
47,8,k,p,..m,"(x,y,0) (-x,-y,0) (-x,y,0) (x,-y,0)"
47,8,j,o,.m.,"(x,0,z) (-x,0,z) (-x,0,-z) (x,0,-z)"
47,8,i,n,m..,"(0,y,z) (0,-y,z) (0,y,-z) (0,-y,-z)"
47,8,h,m,..2,"(1/4,1/4,z) (3/4,1/4,-z) (3/4,3/4,-z) (1/4,3/4,z)"
47,4,g,l,mm2,"(0,1/2,z) (0,1/2,-z)"
47,4,f,k,mm2,"(0,0,z) (0,0,-z)"
47,4,e,i,m2m,"(0,y,0) (0,-y,0)"
47,4,d,g,2mm,"(x,0,0) (-x,0,0)"
47,4,c,e,..2/m,"(1/4,1/4,0) (3/4,1/4,0)"
47,2,b,b,mmm,"(1/2,0,0)"
47,2,a,a,mmm,"(0,0,0)"
48,16,j,o,1,"(x,y,z) (-x,-y+1/2,z) (-x,y+1/2,-z) (x,-y,-z) (-x,-y,-z) (x,y+1/2,-z) (x,-y+1/2,z) (-x,y,z)"
48,8,i,n,.m.,"(x,1/4,z) (-x,1/4,z) (-x,3/4,-z) (x,3/4,-z)"
48,8,h,m,m..,"(0,y,z) (0,-y+1/2,z) (0,y+1/2,-z) (0,-y,-z)"
48,8,g,l,..2,"(1/4,0,z) (3/4,1/2,-z) (3/4,0,-z) (1/4,1/2,z)"
48,8,f,j,.2.,"(1/4,y,0) (3/4,-y+1/2,0) (3/4,-y,0) (1/4,y+1/2,0)"
48,8,e,h,2..,"(x,0,0) (-x,1/2,0) (-x,0,0) (x,1/2,0)"
48,4,d,g,mm2,"(0,1/4,z) (0,3/4,-z)"
48,4,c,e,.2/m.,"(1/4,1/4,0) (3/4,1/4,0)"
48,4,b,c,2/m..,"(0,0,0) (0,1/2,0)"
48,4,a,a,222,"(1/4,0,0) (3/4,0,0)"
49,4,d,d,1,"(x,y,z) (-x,-y,z) (-y,x,z) (y,-x,z)"
49,2,c,c,2..,"(0,1/2,z) (1/2,0,z)"
49,1,b,b,4..,"(1/2,1/2,z)"
49,1,a,a,4..,"(0,0,z)"
50,4,f,h,1,"(x,y,z) (-x,-y,z) (y,-x,-z) (-y,x,-z)"
50,2,e,g,2..,"(0,1/2,z) (1/2,0,-z)"
50,2,d,f,2..,"(1/2,1/2,z) (1/2,1/2,-z)"
50,2,c,e,2..,"(0,0,z) (0,0,-z)"
50,1,b,c,-4..,"(1/2,1/2,0)"
50,1,a,a,-4..,"(0,0,0)"
51,8,h,l,1,"(x,y,z) (-x,-y,z) (-y,x,z) (y,-x,z) (-x,-y,-z) (x,y,-z) (y,-x,-z) (-y,x,-z)"
51,4,g,j,m..,"(x,y,0) (-x,-y,0) (-y,x,0) (y,-x,0)"
51,4,f,i,2..,"(0,1/2,z) (1/2,0,z) (0,1/2,-z) (1/2,0,-z)"
51,2,e,h,4..,"(1/2,1/2,z) (1/2,1/2,-z)"
51,2,d,g,4..,"(0,0,z) (0,0,-z)"
51,2,c,e,2/m..,"(0,1/2,0) (1/2,0,0)"
51,1,b,c,4/m..,"(1/2,1/2,0)"
51,1,a,a,4/m..,"(0,0,0)"
52,8,e,g,1,"(x,y,z) (-x+1/2,-y+1/2,z) (-y+1/2,x,z) (y,-x+1/2,z) (-x,-y,-z) (x+1/2,y+1/2,-z) (y+1/2,-x,-z) (-y,x+1/2,-z)"
52,4,d,f,2..,"(1/4,3/4,z) (3/4,1/4,z) (3/4,1/4,-z) (1/4,3/4,-z)"
52,4,c,d,-1,"(0,0,0) (1/2,1/2,0) (1/2,0,0) (0, 1/2,0)"
52,2,b,c,4..,"(1/4,1/4,z) (3/4,3/4,-z)"
52,2,a,a,-4..,"(1/4,3/4,0) (3/4,1/4,0)"
53,8,j,p,1,"(x,y,z) (-x,-y,z) (-y,x,z) (y,-x,z) (-x,y,-z) (x,-y,-z) (y,x,-z) (-y,-x,-z)"
53,4,i,o,.2.,"(x,1/2,0) (-x,1/2,0) (1/2,x,0) (1/2,-x,0)"
53,4,h,l,.2.,"(x,0,0) (-x,0,0) (0,x,0) (0,-x,0)"
53,4,g,j,..2,"(x,x,0) (-x,-x,0) (-x,x,0) (x,-x,0)"
53,4,f,i,2..,"(0,1/2,z) (1/2,0,z) (0,1/2,-z) (1/2,0,-z)"
53,2,e,h,4..,"(1/2,1/2,z) (1/2,1/2,-z)"
53,2,d,g,4..,"(0,0,z) (0,0,-z)"
53,2,c,e,222,"(1/2,0,0) (0,1/2,0)"
53,1,b,c,422,"(1/2,1/2,0)"
53,1,a,a,422,"(0,0,0)"
54,8,e,g,1,"(x,y,z) (-x,-y,z) (-y,x,z) (y,-x,z) (-x+1/2,y+1/2,-z) (x+1/2,-y+1/2,-z) (y+1/2,x+1/2,-z) (-y+1/2,-x+1/2,-z)"
54,4,d,e,..2,"(x,x+1/2,0) (-x,-x+1/2,0) (-x+1/2,x,0) (x+1/2,-x,0)"
54,4,c,d,2..,"(0,1/2,z) (1/2,0,z) (1/2,0,-z) (0,1/2,-z)"
54,2,b,c,4..,"(0,0,z) (1/2,1/2,-z)"
54,2,a,a,2.22,"(0,1/2,0) (1/2,0,0)"
55,8,g,g,1,"(x,y,z) (-x,-y,z) (-y,x,z) (y,-x,z) (x,-y,z) (-x,y,z) (-y,-x,z) (y,x,z)"
55,4,f,f,.m.,"(x,1/2,z) (-x,1/2,z) (1/2,x,z) (1/2,-x,z)"
55,4,e,e,.m.,"(x,0,z) (-x,0,z) (0,x,z) (0,-x,z)"
55,4,d,d,..m,"(x,x,z) (-x,-x,z) (-x,x,z) (x,-x,z)"
55,2,c,c,2mm.,"(1/2,0,z) (0,1/2,z)"
55,1,b,b,4mm,"(1/2,1/2,z)"
55,1,a,a,4mm,"(0,0,z)"
56,8,d,d,1,"(x,y,z) (-x,-y,z) (-y,x,z) (y,-x,z) (x+1/2,-y+1/2,z) (-x+1/2,y+1/2,z) (-y+1/2,-x+1/2,z) (y+1/2,x+1/2,z)"
56,4,c,c,..m,"(x,x+1/2,z) (-x,-x+1/2,z) (-x+1/2,x,z) (x+1/2,-x,z)"
56,2,b,b,2.mm,"(1/2,0,z) (0,1/2,z)"
56,2,a,a,4..,"(0,0,z) (1/2,1/2,z)"
57,8,j,o,1,"(x,y,z) (-x,-y,z) (y,-x,-z) (-y,x,-z) (-x,y,-z) (x,-y,-z) (-y,-x,z) (y,x,z)"
57,4,i,n,..m,"(x,x,z) (-x,-x,z) (x,-x,-z) (-x,x,-z)"
57,4,h,m,2..,"(0,1/2,z) (1/2,0,-z) (0,1/2,-z) (1/2,0,z)"
57,4,g,l,.2.,"(x,1/2,0) (-x,1/2,0) (1/2,-x,0) (1/2,x,0)"
57,4,f,i,.2.,"(x,0,0) (-x,0,0) (0,-x,0) (0,x,0)"
57,2,e,h,2.mm,"(1/2,1/2,z) (1/2,1/2,-z)"
57,2,d,g,2.mm,"(0,0,z) (0,0,-z)"
57,2,c,e,222,"(1/2,0,0) (0,1/2,0)"
57,1,b,d,-42m,"(1/2,1/2,0)"
57,1,a,a,-42m,"(0,0,0)"
58,8,e,f,1,"(x,y,z) (-x,-y,z) (y,-x,-z) (-y,x,-z) (-x+1/2,y+1/2,-z) (x+1/2,-y+1/2,-z) (-y+1/2,-x+1/2,z) (y+1/2,x+1/2,z)"
58,4,d,e,..m,"(x,x+1/2,z) (-x,-x+1/2,z) (x+1/2,-x,-z) (-x+1/2,x,-z)"
58,4,c,d,2..,"(0,0,z) (0,0,-z) (1/2,1/2,-z) (1/2,1/2,z)"
58,2,b,c,2.mm,"(0,1/2,z) (1/2,0,-z)"
58,2,a,a,-4..,"(0,0,0) (1/2,1/2,0)"
59,8,i,l,1,"(x,y,z) (-x,-y,z) (y,-x,-z) (-y,x,-z) (x,-y,z) (-x,y,z) (y,x,-z) (-y,-x,-z)"
59,4,h,k,.m.,"(x,1/2,z) (-x,1/2,z) (1/2,-x,-z) (1/2,x,-z)"
59,4,g,j,.m.,"(x,0,z) (-x,0,z) (0,-x,-z) (0,x,-z)"
59,4,f,h,..2,"(x,x,0) (-x,-x,0) (x,-x,0) (-x,x,0)"
59,2,e,g,2mm.,"(0,1/2,z) (1/2,0,-z)"
59,2,d,f,2mm.,"(1/2,1/2,z) (1/2,1/2,-z)"
59,2,c,e,2mm.,"(0,0,z) (0,0,-z)"
59,1,b,b,-4m2,"(1/2,1/2,0)"
59,1,a,a,-4m2,"(0,0,0)"
60,8,f,i,1,"(x,y,z) (-x,-y,z) (y,-x,-z) (-y,x,-z) (x+1/2,-y+1/2,z) (-x+1/2,y+1/2,z) (y+1/2,x+1/2,-z) (-y+1/2,-x+1/2,-z)"
60,4,e,g,..2,"(x,x+1/2,0) (-x,-x+1/2,0) (x+1/2,-x,0) (-x+1/2,x,0)"
60,4,d,f,2..,"(0,1/2,z) (1/2,0,-z) (1/2,0,z) (0,1/2,-z)"
60,4,c,e,2..,"(0,0,z) (0,0,-z) (1/2, 1/2,z) (1/2,1/2,-z)"
60,2,b,c,2.22,"(0,1/2,0) (1/2,0,0)"
60,2,a,a,-4..,"(0,0,0) (1/2,1/2,0)"
61,16,n,u,1,"(x,y,z) (-x,-y,z) (-y,x,z) (y,-x,z) (-x,y,-z) (x,-y,-z) (y,x,-z) (-y,-x,-z) (-x,-y,-z) (x,y,-z) (y,-x,-z) (-y,x,-z) (x,-y,z) (-x,y,z) (-y,-x,z) (y,x,z)"
61,8,m,t,.m.,"(x,1/2,z) (-x,1/2,z) (1/2,x,z) (1/2,-x,z) (-x,1/2,-z) (x,1/2,-z) (1/2,x,-z) (1/2,-x,-z)"
61,8,l,s,.m.,"(x,0,z) (-x,0,z) (0,x,z) (0,-x,z) (-x,0,-z) (x,0,-z) (0,x,-z) (0,-x,-z)"
61,8,k,r,..m,"(x,x,z) (-x,-x,z) (-x,x,z) (x,-x,z) (-x,x,-z) (x,-x,-z) (x,x,-z) (-x,-x,-z)"
61,8,j,p,m..,"(x,y,0) (-x,-y,0) (-y,x,0) (y,-x,0) (-x,y,0) (x,-y,0) (y,x,0) (-y,-x,0)"
61,4,i,n,m2m.,"(x,1/2,0) (-x,1/2,0) (1/2,x,0) (1/2,-x,0)"
61,4,h,l,m2m.,"(x,0,0) (-x,0,0) (0,x,0) (0,-x,0)"
61,4,g,j,m.2m,"(x,x,0) (-x,-x,0) (-x,x,0) (x,-x,0)"
61,4,f,i,2mm.,"(0,1/2,z) (1/2,0,z) (0,1/2,-z) (1/2,0,-z)"
61,2,e,h,4mm,"(1/2,1/2,z) (1/2,1/2,-z)"
61,2,d,g,4mm,"(0,0,z) (0,0,-z)"
61,2,c,f,mmm.,"(0,1/2,0) (1/2,0,0)"
61,1,b,c,4/mmm,"(1/2,1/2,0)"
61,1,a,a,4/mmm,"(0,0,0)"
62,16,i,n,1,"(x,y,z) (-x+1/2,-y+1/2,z) (-y+1/2,x,z) (y,-x+1/2,z) (-x+1/2,y,-z) (x,-y+1/2,-z) (y,x,-z) (-y+1/2,-x+1/2,-z) (-x,-y,-z) (x+1/2,y+1/2,-z) (y+1/2,-x,-z) (-y,x+1/2,-z) (x+1/2,-y,z) (-x,y+1/2,z) (-y,-x,z) (y+1/2,x+1/2,z)"
62,8,h,m,..m,"(x,-x,z) (-x+1/2,x+1/2,z) (x+1/2,x,z) (-x,-x+1/2,z) (-x+1/2,-x,-z) (x,x+1/2,-z) (-x,x,-z) (x+1/2,-x+1/2,-z)"
62,8,g,k,.2.,"(x,1/4,0) (-x+1/2,1/4,0) (1/4,x,0) (1/4,-x+1/2,0) (-x,3/4,0) (x+1/2,3/4,0) (3/4,-x,0) (3/4,x+1/2,0)"
62,8,f,i,..2,"(x,x,0) (-x+1/2,-x+1/2,0) (-x+1/2,x,0) (x,-x+1/2,0) (-x,-x,0) (x+1/2,x+1/2,0) (x+1/2,-x,0) (-x,x+1/2,0)"
62,4,e,h,2.mm,"(3/4,1/4,z) (1/4,3/4,z) (3/4,1/4,-z) (1/4,3/4,-z)"
62,4,d,g,4..,"(1/4,1/4,z) (1/4,1/4,-z) (3/4,3/4,-z) (3/4,3/4,z)"
62,4,c,e,..2/m,"(0,0,0) (1/2,1/2,0) (1/2,0,0) (0,1/2,0)"
62,2,b,c,-42m,"(3/4,1/4,0) (1/4,3/4,0)"
62,2,a,a,422,"(1/4,1/4,0) (3/4,3/4,0)"
63,16,h,l,1,"(x,y,z) (-x,-y,z) (-y,x,z) (y,-x,z) (-x+1/2,y+1/2,-z) (x+1/2,-y+1/2,-z) (y+1/2,x+1/2,-z) (-y+1/2,-x+1/2,-z) (-x,-y,-z) (x,y,-z) (y,-x,-z) (-y,x,-z) (x+1/2,-y+1/2,z) (-x+1/2,y+1/2,z) (-y+1/2,-x+1/2,z) (y+1/2,x+1/2,z)"
63,8,g,k,..m,"(x,x+1/2,z) (-x,-x+1/2,z) (-x+1/2,x,z) (x+1/2,-x,z) (-x+1/2,x,-z) (x+1/2,-x,-z) (x,x+1/2,-z) (-x,-x+1/2,-z)"
63,8,f,i,m..,"(x,y,0) (-x,-y,0) (-y,x,0) (y,-x,0) (-x+1/2,y+1/2,0) (x+1/2,-y+1/2,0) (y+1/2,x+1/2,0) (-y+1/2,-x+1/2,0)"
63,4,e,g,m.2m,"(x,x+1/2,0) (-x,-x+1/2,0) (-x+1/2,x,0) (x+1/2,-x,0)"
63,4,d,f,2.mm,"(0,1/2,z) (1/2,0,z) (1/2,0,-z) (0,1/2,-z)"
63,4,c,e,4..,"(0,0,z) (1/2,1/2,-z) (0,0,-z) (1/2,1/2,z)"
63,2,b,d,m.mm,"(0,1/2,0) (1/2,0,0)"
63,2,a,a,4/m..,"(0,0,0) (1/2,1/2,0)"
64,16,h,k,1,"(x,y,z) (-x+1/2,-y+1/2,z) (-y+1/2,x,z) (y,-x+1/2,z) (-x,y+1/2,-z) (x+1/2,-y,-z) (y+1/2,x+1/2,-z) (-y,-x,-z) (-x,-y,-z) (x+1/2,y+1/2,-z) (y+1/2,-x,-z) (-y,x+1/2,-z) (x,-y+1/2,z) (-x+1/2,y,z) (-y+1/2,-x+1/2,z) (y,x,z)"
64,8,g,j,..m,"(x,x,z) (-x+1/2,-x+1/2,z) (-x+1/2,x,z) (x,-x+1/2,z) (-x,x+1/2,-z) (x+1/2,-x,-z) (x+1/2,x+1/2,-z) (-x,-x,-z)"
64,8,f,i,.m.,"(1/4,y,z) (1/4,-y+1/2,z) (-y+1/2,1/4,z) (y,1/4,z) (3/4,y+1/2,-z) (3/4,-y,-z) (y+1/2,3/4,-z) (-y,3/4,-z)"
64,8,e,g,..2,"(x,-x,0) (-x+1/2,x+1/2,0) (x+1/2,x,0) (-x,-x+1/2,0) (-x,x,0) (x+1/2,-x+1/2,0) (-x+1/2,-x,0) (x,x+1/2,0)"
64,4,d,f,2mm.,"(3/4,1/4,z) (1/4,3/4,z) (1/4,3/4,-z) (3/4,1/4,-z)"
64,4,c,d,..2/m,"(0,0,0) (1/2,1/2,0) (1/2,0,0) (0,1/2,0)"
64,2,b,c,4mm,"(1/4,1/4,z) (3/4,3/4,-z)"
64,2,a,a,-4m2,"(3/4,1/4,0) (1/4,3/4,0)"
65,3,d,d,1,"(x,y,z) (-y,x-y,z) (-x+y,-x,z)"
65,1,c,c,3..,"(2/3,1/3,z)"
65,1,b,b,3..,"(1/3,2/3,z)"
65,1,a,a,3..,"(0,0,z)"
66,6,e,g,1,"(x,y,z) (-y,x-y,z) (-x+y,-x,z) (-x,-y,-z) (y,-x+y,-z) (x-y,x,-z)"
66,3,d,e,-1,"(1/2,0,0) (0,1/2,0) (1/2,1/2,0)"
66,2,c,d,3..,"(1/3,2/3,z) (2/3,1/3,-z)"
66,2,b,c,3..,"(0,0,z) (0,0,-z)"
66,1,a,a,-3..,"(0,0,0)"
67,6,h,l,1,"(x,y,z) (-y,x-y,z) (-x+y,-x,z) (-y,-x,-z) (-x+y,y,-z) (x,x-y,-z)"
67,3,g,j,..2,"(x,-x,0) (x,2x,0) (-2x,-x,0)"
67,2,f,i,3..,"(2/3,1/3,z) (2/3,1/3,-z)"
67,2,e,h,3..,"(1/3,2/3,z) (1/3,2/3,-z)"
67,2,d,g,3..,"(0,0,z) (0,0,-z)"
67,1,c,e,3.2,"(2/3,1/3,0)"
67,1,b,c,3.2,"(1/3,2/3,0)"
67,1,a,a,3.2,"(0,0,0)"
68,6,e,g,1,"(x,y,z) (-y,x-y,z) (-x+y,-x,z) (y,x,-z) (x-y,-y,-z) (-x,-x+y,-z)"
68,3,d,e,.2.,"(x,0,0) (0,x,0) (-x,-x,0)"
68,2,c,d,3..,"(1/3,2/3,z) (2/3,1/3,-z)"
68,2,b,c,3..,"(0,0,z) (0,0,-z)"
68,1,a,a,32,"(0,0,0)"
69,6,e,e,1,"(x,y,z) (-y,x-y,z) (-x+y,-x,z) (-y,-x,z) (-x+y,y,z) (x,x-y,z)"
69,3,d,d,.m.,"(x,-x,z) (x,2x,z) (-2x,-x,z)"
69,1,c,c,3m.,"(2/3,1/3,z)"
69,1,b,b,3m.,"(1/3,2/3,z)"
69,1,a,a,3m.,"(0,0,z)"
70,6,d,d,1,"(x,y,z) (-y,x-y,z) (-x+y,-x,z) (y,x,z) (x-y,-y,z) (-x,-x+y,z)"
70,3,c,c,..m,"(x,0,z) (0,x,z) (-x,-x,z)"
70,2,b,b,3..,"(1/3,2/3,z) (2/3,1/3,z)"
70,1,a,a,3.m,"(0,0,z)"
71,12,h,l,1,"(x,y,z) (-y,x-y,z) (-x+y,-x,z) (-y,-x,-z) (-x+y,y,-z) (x,x-y,-z) (-x,-y,-z) (y,-x+y,-z) (x-y,x,-z) (y,x,z) (x-y,-y,z) (-x,-x+y,z)"
71,6,g,k,..m,"(x,0,z) (0,x,z) (-x,-x,z) (0,-x,-z) (-x,0,-z) (x,x,-z)"
71,6,f,i,..2,"(x,-x,0) (x,2x,0) (-2x,-x,0) (-x,x,0) (-x,-2x,0) (2x,x,0)"
71,4,e,h,3..,"(1/3,2/3,z) (1/3,2/3,-z) (2/3,1/3,-z) (2/3,1/3,z)"
71,3,d,f,..2/m,"(1/2,0,0) (0,1/2,0) (1/2,1/2,0)"
71,2,c,e,3.m,"(0,0,z) (0,0,-z)"
71,2,b,c,3.2,"(1/3,2/3,0) (2/3,1/3,0)"
71,1,a,a,-3.m,"(0,0,0)"
72,12,g,j,1,"(x,y,z) (-y,x-y,z) (-x+y,-x,z) (y,x,-z) (x-y,-y,-z) (-x,-x+y,-z) (-x,-y,-z) (y,-x+y,-z) (x-y,x,-z) (-y,-x,z) (-x+y,y,z) (x,x-y,z)"
72,6,f,i,.m.,"(x,-x,z) (x,2x,z) (-2x,-x,z) (-x,x,-z) (2x,x,-z) (-x,-2x,-z)"
72,6,e,g,.2.,"(x,0,0) (0,x,0) (-x,-x,0) (-x,0,0) (0,-x,0) (x,x,0)"
72,3,d,e,.2/m.,"(1/2,0,0) (0,1/2,0) (1/2,1/2,0)"
72,2,c,d,3m.,"(1/3,2/3,z) (2/3,1/3,-z)"
72,2,b,c,3m.,"(0,0,z) (0,0,-z)"
72,1,a,a,-3m.,"(0,0,0)"
73,6,d,d,1,"(x,y,z) (-y,x-y,z) (-x+y,-x,z) (-x,-y,z) (y,-x+y,z) (x-y,x,z)"
73,3,c,c,2..,"(1/2,0,z) (0,1/2,z) (1/2,1/2,z)"
73,2,b,b,3..,"(1/3,2/3,z) (2/3,1/3,z)"
73,1,a,a,6..,"(0,0,z)"
74,6,h,l,1,"(x,y,z) (-y,x-y,z) (-x+y,-x,z) (x,y,-z) (-y,x-y,-z) (-x+y,-x,-z)"
74,3,g,j,m..,"(x,y,0) (-y,x-y,0) (-x+y,-x,0)"
74,2,f,i,3..,"(2/3,1/3,z) (2/3,1/3,-z)"
74,2,e,h,3..,"(1/3,2/3,z) (1/3,2/3,-z)"
74,2,d,g,3..,"(0,0,z) (0,0,-z)"
74,1,c,e,-6..,"(2/3,1/3,0)"
74,1,b,c,-6..,"(1/3,2/3,0)"
74,1,a,a,-6..,"(0,0,0)"
75,12,h,l,1,"(x,y,z) (-y,x-y,z) (-x+y,-x,z) (-x,-y,z) (y,-x+y,z) (x-y,x,z) (-x,-y,-z) (y,-x+y,-z) (x-y,x,-z) (x,y,-z) (-y,x-y,-z) (-x+y,-x,-z)"
75,6,g,j,m..,"(x,y,0) (-y,x-y,0) (-x+y,-x,0) (-x,-y,0) (y,-x+y,0) (x-y,x,0)"
75,6,f,i,2..,"(1/2,0,z) (0,1/2,z) (1/2,1/2,z) (1/2,0,-z) (0,1/2,-z) (1/2,1/2,-z)"
75,4,e,h,3..,"(1/3,2/3,z) (2/3,1/3,z) (1/3,2/3,-z) (2/3,1/3,-z)"
75,3,d,f,2/m..,"(1/2,0,0) (0,1/2,0) (1/2,1/2,0)"
75,2,c,e,6..,"(0,0,z) (0,0,-z)"
75,2,b,c,-6..,"(1/3,2/3,0) (2/3,1/3,0)"
75,1,a,a,6/m..,"(0,0,0)"
76,12,i,n,1,"(x,y,z) (-y,x-y,z) (-x+y,-x,z) (-x,-y,z) (y,-x+y,z) (x-y,x,z) (y,x,-z) (x-y,-y,-z) (-x,-x+y,-z) (-y,-x,-z) (-x+y,y,-z) (x,x-y,-z)"
76,6,h,l,..2,"(x,-x,0) (x,2x,0) (-2x,-x,0) (-x,x,0) (-x,-2x,0) (2x,x,0)"
76,6,g,j,.2.,"(x,0,0) (0,x,0) (-x,-x,0) (-x,0,0) (0,-x,0) (x,x,0)"
76,6,f,i,2..,"(1/2,0,z) (0,1/2,z) (1/2,1/2,z) (0,1/2,-z) (1/2,0,-z) (1/2,1/2,-z)"
76,4,e,h,3..,"(1/3,2/3,z) (2/3,1/3,z) (2/3,1/3,-z) (1/3,2/3,-z)"
76,3,d,f,222,"(1/2,0,0) (0,1/2,0) (1/2,1/2,0)"
76,2,c,e,6..,"(0,0,z) (0,0,-z)"
76,2,b,c,3.2,"(1/3,2/3,0) (2/3,1/3,0)"
76,1,a,a,622,"(0,0,0)"
77,12,f,f,1,"(x,y,z) (-y,x-y,z) (-x+y,-x,z) (-x,-y,z) (y,-x+y,z) (x-y,x,z) (-y,-x,z) (-x+y,y,z) (x,x-y,z) (y,x,z) (x-y,-y,z) (-x,-x+y,z)"
77,6,e,e,.m.,"(x,-x,z) (x,2x,z) (-2x,-x,z) (-x,x,z) (-x,-2x,z) (2x,x,z)"
77,6,d,d,..m,"(x,0,z) (0,x,z) (-x,-x,z) (-x,0,z) (0,-x,z) (x,x,z)"
77,3,c,c,2mm,"(1/2,0,z) (0,1/2,z) (1/2,1/2,z)"
77,2,b,b,3m.,"(1/3,2/3,z) (2/3,1/3,z)"
77,1,a,a,6mm,"(0,0,z)"
78,12,j,o,1,"(x,y,z) (-y,x-y,z) (-x+y,-x,z) (x,y,-z) (-y,x-y,-z) (-x+y,-x,-z) (-y,-x,z) (-x+y,y,z) (x,x-y,z) (-y,-x,-z) (-x+y,y,-z) (x,x-y,-z)"
78,6,i,n,.m.,"(x,-x,z) (x,2x,z) (-2x,-x,z) (x,-x,-z) (x,2x,-z) (-2x,-x,-z)"
78,6,h,l,m..,"(x,y,0) (-y,x-y,0) (-x+y,-x,0) (-y,-x,0) (-x+y,y,0) (x,x-y,0)"
78,3,g,j,mm2,"(x,-x,0) (x,2x,0) (-2x,-x,0)"
78,2,f,i,3m.,"(2/3,1/3,z) (2/3,1/3,-z)"
78,2,e,h,3m.,"(1/3,2/3,z) (1/3,2/3,-z)"
78,2,d,g,3m.,"(0,0,z) (0,0,-z)"
78,1,c,e,-6m2,"(2/3,1/3,0)"
78,1,b,c,-6m2,"(1/3,2/3,0)"
78,1,a,a,-6m2,"(0,0,0)"
79,12,h,l,1,"(x,y,z) (-y,x-y,z) (-x+y,-x,z) (x,y,-z) (-y,x-y,-z) (-x+y,-x,-z) (y,x,-z) (x-y,-y,-z) (-x,-x+y,-z) (y,x,z) (x-y,-y,z) (-x,-x+y,z)"
79,6,g,j,m..,"(x,y,0) (-y,x-y,0) (-x+y,-x,0) (y,x,0) (x-y,-y,0) (-x,-x+y,0)"
79,6,f,i,..m,"(x,0,z) (0,x,z) (-x,-x,z) (x,0,-z) (0,x,-z) (-x,-x,-z)"
79,4,e,h,3..,"(1/3,2/3,z) (1/3,2/3,-z) (2/3,1/3,-z) (2/3,1/3,z)"
79,3,d,f,m2m,"(x,0,0) (0,x,0) (-x,-x,0)"
79,2,c,e,3.m,"(0,0,z) (0,0,-z)"
79,2,b,c,-6..,"(1/3,2/3,0) (2/3,1/3,0)"
79,1,a,a,-62m,"(0,0,0)"
80,24,l,r,1,"(x,y,z) (-y,x-y,z) (-x+y,-x,z) (-x,-y,z) (y,-x+y,z) (x-y,x,z) (y,x,-z) (x-y,-y,-z) (-x,-x+y,-z) (-y,-x,-z) (-x+y,y,-z) (x,x-y,-z) (-x,-y,-z) (y,-x+y,-z) (x-y,x,-z) (x,y,-z) (-y,x-y,-z) (-x+y,-x,-z) (-y,-x,z) (-x+y,y,z) (x,x-y,z) (y,x,z) (x-y,-y,z) (-x,-x+y,z)"
80,12,k,p,m..,"(x,y,0) (-y,x-y,0) (-x+y,-x,0) (-x,-y,0) (y,-x+y,0) (x-y,x,0) (y,x,0) (x-y,-y,0) (-x,-x+y,0) (-y,-x,0) (-x+y,y,0) (x,x-y,0)"
80,12,j,o,.m.,"(x,2x,z) (-2x,-x,z) (x,-x,z) (-x,-2x,z) (2x,x,z) (-x,x,z) (2x,x,-z) (-x,-2x,-z) (-x,x,-z) (-2x,-x,-z) (x,2x,-z) (x,-x,-z)"
80,12,i,n,..m,"(x,0,z) (0,x,z) (-x,-x,z) (-x,0,z) (0,-x,z) (x,x,z) (0,x,-z) (x,0,-z) (-x,-x,-z) (0,-x,-z) (-x,0,-z) (x,x,-z)"
80,6,h,l,mm2,"(x,2x,0) (-2x,-x,0) (x,-x,0) (-x,-2x,0) (2x,x,0) (-x,x,0)"
80,6,g,j,m2m,"(x,0,0) (0,x,0) (-x,-x,0) (-x,0,0) (0,-x,0) (x,x,0)"
80,6,f,i,2mm,"(1/2,0,z) (0,1/2,z) (1/2,1/2,z) (0,1/2,-z) (1/2,0,-z) (1/2,1/2,-z)"
80,4,e,h,3m.,"(1/3,2/3,z) (2/3,1/3,z) (2/3,1/3,-z) (1/3,2/3,-z)"
80,3,d,f,mmm,"(1/2,0,0) (0,1/2,0) (1/2,1/2,0)"
80,2,c,e,6mm,"(0,0,z) (0,0,-z)"
80,2,b,c,-6m2,"(1/3,2/3,0) (2/3,1/3,0)"
80,1,a,a,6/mmm,"(0,0,0)"
