symbol,Z,name,row,col,mass,atomic_radius,X,covalent_radius,electron_affinity,first_ionization_energy
H,1,Hydrogan,1,1,1.007825,25.0,2.2,0.31,0.754195,13.598434005136
He,2,Helium,1,18,4.002602,31.0,,0.28,-19.7,24.587387936
Li,3,Lithium,2,1,6.938,145.0,0.98,1.28,0.618049,5.391714761
Be,4,Beryllium,2,2,9.012182,105.0,1.57,0.96,-2.4,9.322699
B,5,Boron,2,13,10.806,85.0,2.04,0.84,0.279723,8.298019
C,6,Carbon,2,14,12.0096,70.0,2.55,0.76,1.262119,11.260296
N,7,Nitrogen,2,15,14.00643,65.0,3.04,0.71,-0.07,14.53413
O,8,Oxygen,2,16,15.99903,60.0,3.44,0.66,1.4611135,13.618054
F,9,Fluorine,2,17,18.9984032,50.0,3.98,0.57,3.4011897,17.42282
Ne,10,Neon,2,18,20.1797,38.0,,0.58,,21.56454
Na,11,Sodium,3,1,22.98976928,180.0,0.93,1.66,0.547926,5.1390767
Mg,12,Magnesium,3,2,24.304,150.0,1.31,1.41,,7.646235
Al,13,Aluminium,3,13,26.9815386,125.0,1.61,1.21,0.43283,5.9857684
Si,14,Silicon,3,14,28.084,110.0,1.9,1.11,1.3895211,8.151683
P,15,Phosphorus,3,15,30.973762,100.0,2.19,1.07,0.746607,10.486686
S,16,Sulfer,3,16,32.059,100.0,2.58,1.05,2.07710403,10.36001
Cl,17,Chlorion,3,17,35.446,100.0,3.16,1.02,3.612725,12.96763
Ar,18,Argon,3,18,39.948,71.0,,1.06,-11.5,15.7596112
K,19,Potassium,4,1,39.0983,220.0,0.82,2.03,0.50147,4.34066354
Ca,20,Calcium,4,2,40.078,180.0,1.0,1.76,0.02455,6.1131552
Sc,21,Scandium,4,3,44.955912,160.0,1.36,1.7,0.188,6.56149
Ti,22,Titanium,4,4,47.867,140.0,1.54,1.6,0.079,6.82812
V,23,Vanadium,4,5,50.9415,135.0,1.63,1.53,0.525,6.746187
Cr,24,Chromium,4,6,51.9961,140.0,1.66,1.39,0.666,6.76651
Mn,25,Manganese,4,7,54.938045,140.0,1.55,1.39,,7.434018
Fe,26,Iron,4,8,55.845,140.0,1.83,1.32,0.151,7.9024678
Co,27,Cobalt,4,9,58.933195,135.0,1.88,1.26,0.66225646,7.88101
Ni,28,Nickel,4,10,58.6934,135.0,1.91,1.24,1.156,7.639877
Cu,29,Copper,4,11,63.546,135.0,1.9,1.32,1.235,7.72638
Zn,30,Zinc,4,12,65.38,135.0,1.65,1.22,,9.394199
Ga,31,Gallium,4,13,69.723,130.0,1.81,1.22,0.43,5.9993018
Ge,32,Germanium,4,14,72.63,125.0,2.01,1.2,1.232712,7.899435
As,33,Arsenic,4,15,74.9216,115.0,2.18,1.19,0.804,9.789
Se,34,Selenium,4,16,78.96,103.0,2.55,1.2,2.02067,9.752392
Br,35,Bromine,4,17,79.901,94.0,2.96,1.2,3.3635882,11.81381
Kr,36,Krypton,4,18,83.798,88.0,3.0,1.16,,13.9996049
Rb,37,Rubidium,5,1,85.4678,235.0,0.82,2.2,0.48592,4.177128
Sr,38,Strontium,5,2,87.62,200.0,0.95,1.95,0.048,5.6948672
Y,39,Yttrium,5,3,88.90585,180.0,1.22,1.9,0.307,6.21726
Zr,40,Zirconium,5,4,91.224,155.0,1.33,1.75,0.426,6.6339
Nb,41,Niobium,5,5,92.90638,145.0,1.6,1.64,0.917406,6.75885
Mo,42,Molybdenum,5,6,95.96,145.0,2.16,1.54,0.748,7.09243
Tc,43,Technetium,5,7,,135.0,1.9,1.47,0.55,7.119381
Ru,44,Ruthenium,5,8,101.07,130.0,2.2,1.46,1.05,7.3605
Rh,45,Rhodium,5,9,102.9055,135.0,2.28,1.42,1.137,7.4589
Pd,46,Palladium,5,10,106.42,140.0,2.2,1.39,0.562,8.33686
Ag,47,Silver,5,11,107.8682,160.0,1.93,1.45,1.302,7.576234
Cd,48,Cadmium,5,12,112.41,155.0,1.69,1.44,,8.993822
In,49,Indium,5,13,114.818,155.0,1.78,1.42,0.3,5.7863552
Sn,50,Tin,5,14,118.71,145.0,1.96,1.39,1.112067,7.343917
Sb,51,Antimony,5,15,121.76,145.0,2.05,1.39,1.046,8.608389
Te,52,Tellurium,5,16,127.6,140.0,2.1,1.38,1.970876,9.00966
I,53,Iodine,5,17,126.90447,140.0,2.66,1.39,3.0590368,10.45126
Xe,54,Xenon,5,18,131.293,108.0,2.6,1.4,-0.056,12.1298431
Cs,55,Cesium,6,1,132.9054519,260.0,0.79,2.44,0.471626,3.893905548
Ba,56,Barium,6,2,137.327,215.0,0.89,2.15,0.14462,5.211664
La,57,Lanthanum,6,3,138.90547,195.0,1.1,2.07,0.47,5.5769
Ce,58,Cerium,6,3,140.116,185.0,1.12,2.04,0.65,5.5386
Pr,59,Praseodymium,6,3,140.90765,185.0,1.13,2.03,0.962,5.473
Nd,60,Neodymium,6,3,144.242,185.0,1.14,2.01,1.916,5.525
Pm,61,Promethium,6,3,,185.0,1.13,1.99,,5.582
Sm,62,Samarium,6,3,150.36,185.0,1.17,1.98,,5.64371
Eu,63,Europium,6,3,151.964,185.0,1.2,1.98,0.864,5.670385
Gd,64,Gadolinium,6,3,157.25,180.0,1.2,1.96,,6.149796
Tb,65,Terbium,6,3,158.92535,175.0,1.1,1.94,1.165,5.8638
Dy,66,Dysprosium,6,3,162.5,175.0,1.22,1.92,0.352,5.93905
Ho,67,Holmium,6,3,164.93032,175.0,1.23,1.92,,6.0215
Er,68,Erbium,6,3,167.259,175.0,1.24,1.89,,6.1077
Tm,69,Thulium,6,3,168.93421,175.0,1.25,1.9,1.029,6.18431
Yb,70,Ytterbium,6,3,173.054,175.0,1.1,1.87,-0.02,6.25416
Lu,71,Lutetium,6,3,174.9668,175.0,1.27,1.87,0.34,5.425871
Hf,72,Hafnium,6,4,178.49,155.0,1.3,1.75,0.014,6.82507
Ta,73,Tantalum,6,5,180.94788,145.0,1.5,1.7,0.322,7.54957
W,74,Wolfram,6,6,183.84,135.0,2.36,1.62,0.81626,7.86403
Re,75,Rhenium,6,7,186.207,135.0,1.9,1.51,0.15,7.83352
Os,76,Osmium,6,8,190.23,130.0,2.2,1.44,1.1,8.43823
Ir,77,Iridium,6,9,192.217,135.0,2.2,1.41,1.5638,8.96702
Pt,78,Platinum,6,10,195.084,135.0,2.28,1.36,2.128,8.95883
Au,79,Gold,6,11,196.966569,135.0,2.54,1.36,2.30863,9.225553
Hg,80,Mercury,6,12,200.592,150.0,2.0,1.32,,10.437504
Tl,81,Thallium,6,13,204.382,190.0,1.62,1.45,0.377,6.108287
Pb,82,Lead,6,14,207.2,180.0,2.33,1.46,0.35674316,7.4166796
Bi,83,Bismuth,6,15,208.9804,160.0,2.02,1.48,0.942362,7.285516
Po,84,Polonium,6,16,,190.0,2.0,1.4,1.9,8.414
At,85,Astatine,6,17,,,2.2,1.5,2.8,9.31751
Rn,86,Radon,6,18,,120.0,2.2,1.5,,10.7485
Fr,87,Francium,7,1,,,0.7,2.6,0.486,4.0727409
Ra,88,Radium,7,2,,215.0,0.9,2.21,0.1,5.278424
Ac,89,Actinium,7,3,,195.0,1.1,2.15,0.35,5.380226
Th,90,Thorium,7,3,232.03806,180.0,1.3,2.06,,6.3067
Pa,91,Protactinium,7,3,231.03588,180.0,1.5,2.0,,5.89
U,92,Uranium,7,3,238.02891,175.0,1.38,1.96,,6.19405
Np,93,Neptunium,7,3,,175.0,1.36,1.9,,6.2655
Pu,94,Plutonium,7,3,,175.0,1.28,1.87,,6.0258
Am,95,Americium,7,3,,175.0,1.3,1.8,,5.9738
Cm,96,Curium,7,3,,,1.3,1.69,,5.9914
Bk,97,Berkelium,7,3,,,1.3,,,6.1978
Cf,98,Californium,7,3,,,1.3,,,6.2817
Es,99,Einsteinium,7,3,,,1.3,,,6.3676
Fm,100,Fermium,7,3,,,1.3,,,6.5
Md,101,Mendelevium,7,3,,,1.3,,,6.58
No,102,Nobelium,7,3,,,1.3,,,6.65
Lr,103,Lawrencium,7,3,,,,,,4.9
Rf,104,Rutherfordium,7,4,,,,,,6.01
Db,105,Dubnium,7,5,,,,,,6.8
Sg,106,Seaborgium,7,6,,,,,,7.8
Bh,107,Bohrium,7,7,,,,,,7.7
Hs,108,Hassium,7,8,,,,,,7.6
Mt,109,Mietnerium,7,9,,,,,,
Ds,110,Darmstadium,7,10,,,,,,
Rg,111,Roentgenium,7,11,,,,,,
Cn,112,Copernicium,7,12,,,,,,
Nh,113,Nihonium,7,13,,,,,,
Fl,114,Flerovium,7,14,,,,,,
Mc,115,Moscovium,7,15,,,,,,
Lv,116,livermorium,7,16,,,,,,
Ts,117,Tennessine,7,17,,,,,,
Og,118,Oganesson,7,18,,,,,0.056,
