Rec,ION,OX_State,Elec_Config.,Coord,Spin_State,Crystal_Radius,Ionic_Radius,NOTES,Z/IR,ele
1,Ac+3,3,6p 6,6,,1.26,1.12,R,2.6785714290000002,Ac
2,Ag+1,1,4d 10,2,,0.81,0.67,,1.4925373130000001,Ag
3,Ag+1,1,4d 10,4,,1.14,1.0,C,1.0,Ag
4,Ag+1,1,4d 10,4,,1.16,1.02,,0.980392157,Ag
5,Ag+1,1,4d 10,5,,1.23,1.09,C,0.917431193,Ag
6,Ag+1,1,4d 10,6,,1.29,1.15,C,0.869565217,Ag
7,Ag+1,1,4d 10,7,,1.36,1.22,,0.8196721309999999,Ag
8,Ag+1,1,4d 10,8,,1.42,1.28,,0.78125,Ag
9,Ag+2,2,4d 9,4,,0.93,0.79,,2.53164557,Ag
10,Ag+2,2,4d 9,6,,1.08,0.94,,2.127659574,Ag
11,Ag+3,3,4d 8,4,,0.81,0.67,,4.47761194,Ag
12,Ag+3,3,4d 8,6,,0.89,0.75,R,4.0,Ag
13,Al+3,3,2p 6,4,,0.53,0.39,* ,7.692307692000001,Al
14,Al+3,3,2p 6,5,,0.62,0.48,,6.25,Al
15,Al+3,3,2p 6,6,,0.675,0.535,R *,5.607476636,Al
16,Am+2,2,5f 7,7,,1.35,1.21,,1.652892562,Am
17,Am+2,2,5f 7,8,,1.4,1.26,,1.5873015869999998,Am
18,Am+2,2,5f 7,9,,1.45,1.31,,1.5267175569999998,Am
19,Am+3,3,5f 6,6,,1.115,0.975,R,3.076923077,Am
20,Am+3,3,5f 6,8,,1.23,1.09,,2.752293578,Am
21,Am+4,4,5f 5,6,,0.99,0.85,R,4.705882353,Am
22,Am+4,4,5f 5,8,,1.09,0.95,,4.210526316,Am
23,As+3,3,4s 2,6,,0.72,0.58,A,5.1724137930000005,As
24,As+5,5,3d 10,4,,0.475,0.335,R *,14.92537313,As
25,As+5,5,3d 10,6,,0.6,0.46,C *,10.86956522,As
26,At+7,7,5d 10,6,,0.76,0.62,A,11.29032258,At
27,Au+1,1,5d 10,6,,1.51,1.37,A,0.729927007,Au
28,Au+3,3,5d 8,4,,0.82,0.68,,4.4117647060000005,Au
29,Au+3,3,5d 8,6,,0.99,0.85,A,3.529411765,Au
30,Au+5,5,5d 6,6,,0.71,0.57,,8.771929825,Au
31,B+3,3,1s 2,3,,0.15,0.01,* ,300.0,B
32,B+3,3,1s 2,4,,0.25,0.11,* ,27.27272727,B
33,B+3,3,1s 2,6,,0.41,0.27,C,11.11111111,B
34,Ba+2,2,5p 6,6,,1.49,1.35,,1.4814814809999999,Ba
35,Ba+2,2,5p 6,7,,1.52,1.38,C,1.4492753619999998,Ba
36,Ba+2,2,5p 6,8,,1.56,1.42,,1.408450704,Ba
37,Ba+2,2,5p 6,9,,1.61,1.47,,1.360544218,Ba
38,Ba+2,2,5p 6,10,,1.66,1.52,,1.315789474,Ba
39,Ba+2,2,5p 6,11,,1.71,1.57,,1.27388535,Ba
40,Ba+2,2,5p 6,12,,1.75,1.61,C,1.242236025,Ba
41,Be+2,2,1s 2,3,,0.3,0.16,,12.5,Be
42,Be+2,2,1s 2,4,,0.41,0.27,* ,7.407407407000001,Be
43,Be+2,2,1s 2,6,,0.59,0.45,C,4.444444444,Be
44,Bi+3,3,6s 2,5,,1.1,0.96,C,3.125,Bi
45,Bi+3,3,6s 2,6,,1.17,1.03,R *,2.9126213589999996,Bi
46,Bi+3,3,6s 2,8,,1.31,1.17,R,2.564102564,Bi
47,Bi+5,5,5d 10,6,,0.9,0.76,E,6.578947368,Bi
48,Bk+3,3,5f 8,6,,1.1,0.96,R,3.125,Bk
49,Bk+4,4,5f 7,6,,0.97,0.83,R,4.8192771080000005,Bk
50,Bk+4,4,5f 7,8,,1.07,0.93,R,4.301075269,Bk
51,Br-1,-1,4p 6,6,,1.82,1.96,P,-0.510204082,Br
52,Br+3,3,4p 2,4,,0.73,0.59,,5.084745763,Br
53,Br+5,5,4s 2,3,,0.45,0.31,,16.12903226,Br
54,Br+7,7,3d 10,4,,0.39,0.25,,28.0,Br
55,Br+7,7,3d 10,6,,0.53,0.39,A,17.94871795,Br
56,C+4,4,1s 2,3,,0.06,-0.08,,-50.0,C
57,C+4,4,1s 2,4,,0.29,0.15,P,26.66666667,C
58,C+4,4,1s 2,6,,0.3,0.16,A,25.0,C
59,Ca+2,2,3p 6,6,,1.14,1.0,,2.0,Ca
60,Ca+2,2,3p 6,7,,1.2,1.06,*,1.8867924530000002,Ca
61,Ca+2,2,3p 6,8,,1.26,1.12,*,1.785714286,Ca
62,Ca+2,2,3p 6,9,,1.32,1.18,,1.694915254,Ca
63,Ca+2,2,3p 6,10,,1.37,1.23,C,1.62601626,Ca
64,Ca+2,2,3p 6,12,,1.4,1.34,C,1.4925373130000001,Ca
65,Cd+2,2,4d 10,4,,0.92,0.78,,2.564102564,Cd
66,Cd+2,2,4d 10,5,,1.01,0.87,,2.298850575,Cd
67,Cd+2,2,4d 10,6,,1.09,0.95,,2.105263158,Cd
68,Cd+2,2,4d 10,7,,1.17,1.03,C,1.9417475730000002,Cd
69,Cd+2,2,4d 10,8,,1.24,1.1,C,1.8181818180000002,Cd
70,Cd+2,2,4d 10,12,,1.45,1.31,,1.5267175569999998,Cd
71,Ce+3,3,6s 1,6,,1.15,1.01,R,2.97029703,Ce
72,Ce+3,3,6s 1,7,,1.21,1.07,E,2.803738318,Ce
73,Ce+3,3,6s 1,8,,1.2830000000000001,1.143,R,2.624671916,Ce
74,Ce+3,3,6s 1,9,,1.3359999999999999,1.196,R,2.508361204,Ce
75,Ce+3,3,6s 1,10,,1.39,1.25,,2.4,Ce
76,Ce+3,3,6s 1,12,,1.48,1.34,C,2.23880597,Ce
77,Ce+4,4,5p 6,6,,1.01,0.87,R,4.597701149,Ce
78,Ce+4,4,5p 6,8,,1.11,0.97,R,4.12371134,Ce
79,Ce+4,4,5p 6,10,,1.21,1.07,,3.738317757,Ce
80,Ce+4,4,5p 6,12,,1.28,1.14,,3.50877193,Ce
81,Cf+3,3,6d 1,6,,1.09,0.95,R,3.157894737,Cf
82,Cf+4,4,5f 8,6,,0.961,0.821,R,4.872107186,Cf
83,Cf+4,4,5f 8,8,,1.06,0.92,,4.347826087,Cf
84,Cl-1,-1,3p 6,6,,1.67,1.81,P,-0.5524861879999999,Cl
85,Cl+5,5,3s 2,3,,0.26,0.12,,41.66666667,Cl
86,Cl+7,7,2p 6,4,,0.22,0.08,*,87.5,Cl
87,Cl+7,7,2p 6,6,,0.41,0.27,A,25.92592593,Cl
88,Cm+3,3,5f 7,4,,1.11,0.97,R,3.092783505,Cm
89,Cm+4,4,5f 6,4,,0.99,0.85,R,4.705882353,Cm
90,Cm+4,4,5f 6,8,,1.09,0.95,R,4.210526316,Cm
91,Co+2,2,3d 7,4,HS,0.72,0.58,,3.448275862,Co
92,Co+2,2,3d 7,5,,0.81,0.67,C,2.985074627,Co
93,Co+2,2,3d 7,6,LS,0.79,0.65,R,3.076923077,Co
94,Co+2,2,3d 7,6,HS,0.885,0.745,R*,2.684563758,Co
95,Co+2,2,3d 7,8,,1.04,0.9,,2.222222222,Co
96,Co+3,3,3d 6,6,LS,0.685,0.545,R*,5.504587156,Co
97,Co+3,3,3d 6,6,HS,0.75,0.61,,4.918032787,Co
98,Co+4,4,3d 5,4,,0.54,0.4,,10.0,Co
99,Co+4,4,3d 5,6,HS,0.67,0.53,R,7.547169811,Co
100,Cr+2,2,3d 4,6,LS,0.87,0.73,E,2.7397260269999997,Cr
101,Cr+2,2,3d 4,6,HS,0.94,0.8,R,2.5,Cr
102,Cr+3,3,3d 3,6,,0.755,0.615,R*,4.87804878,Cr
103,Cr+4,4,3d 2,4,,0.55,0.41,,9.756097561,Cr
104,Cr+4,4,3d 2,6,,0.69,0.55,R,7.272727272999999,Cr
105,Cr+5,5,3d 1,4,,0.485,0.345,R,14.49275362,Cr
106,Cr+5,5,3d 1,6,,0.63,0.49,ER,10.20408163,Cr
107,Cr+5,5,3d 1,8,,0.71,0.57,,8.771929825,Cr
108,Cr+6,6,3p 6,4,,0.4,0.26,,23.07692308,Cr
109,Cr+6,6,3p 6,6,,0.58,0.44,C,13.63636364,Cr
110,Cs+1,1,5p 6,6,,1.81,1.67,,0.598802395,Cs
111,Cs+1,1,5p 6,8,,1.88,1.74,,0.574712644,Cs
112,Cs+1,1,5p 6,9,,1.92,1.78,,0.561797753,Cs
113,Cs+1,1,5p 6,10,,1.95,1.81,,0.5524861879999999,Cs
114,Cs+1,1,5p 6,11,,1.99,1.85,,0.540540541,Cs
115,Cs+1,1,5p 6,12,,2.02,1.88,,0.531914894,Cs
116,Cu+1,1,3d 10,2,,0.6,0.46,,2.173913043,Cu
117,Cu+1,1,3d 10,4,,0.74,0.6,E,1.6666666669999999,Cu
118,Cu+1,1,3d 10,6,,0.91,0.77,E,1.298701299,Cu
119,Cu+2,2,3d 9,4,,0.71,0.57,,3.50877193,Cu
120,Cu+2,2,3d 9,4,,0.71,0.57,*,3.50877193,Cu
121,Cu+2,2,3d 9,5,,0.79,0.65,*,3.076923077,Cu
122,Cu+2,2,3d 9,6,,0.87,0.73,,2.7397260269999997,Cu
123,Cu+3,3,3d 8,6,LS,0.68,0.54,,5.555555556,Cu
124,D+1,1,1s 0,2,,0.04,-0.1,,-10.0,D
125,Dy+2,2,4f 10,6,,1.21,1.07,,1.869158879,Dy
126,Dy+2,2,4f 10,7,,1.27,1.13,,1.769911504,Dy
127,Dy+2,2,4f 10,8,,1.33,1.19,,1.680672269,Dy
128,Dy+3,3,4f 9,6,,1.052,0.912,R,3.289473684,Dy
129,Dy+3,3,4f 9,7,,1.11,0.97,,3.092783505,Dy
130,Dy+3,3,4f 9,8,,1.167,1.0270000000000001,R,2.921129503,Dy
131,Dy+3,3,4f 9,9,,1.2229999999999999,1.083,R,2.770083102,Dy
132,Er+3,3,4f 11,6,,1.03,0.89,R,3.370786517,Er
133,Er+3,3,4f 11,7,,1.085,0.945,,3.174603175,Er
134,Er+3,3,4f 11,8,,1.1440000000000001,1.004,R,2.9880478089999998,Er
135,Er+3,3,4f 11,9,,1.202,1.062,R,2.824858757,Er
136,Eu+2,2,4f 7,6,,1.31,1.17,,1.709401709,Eu
137,Eu+2,2,4f 7,7,,1.34,1.2,,1.6666666669999999,Eu
138,Eu+2,2,4f 7,8,,1.39,1.25,,1.6,Eu
139,Eu+2,2,4f 7,9,,1.44,1.3,,1.5384615380000002,Eu
140,Eu+2,2,4f 7,10,,1.49,1.35,,1.4814814809999999,Eu
141,Eu+3,3,4f 6,6,,1.087,0.9470000000000001,R,3.167898627,Eu
142,Eu+3,3,4f 6,7,,1.15,1.01,,2.97029703,Eu
143,Eu+3,3,4f 6,8,,1.206,1.0659999999999998,R,2.8142589119999997,Eu
144,Eu+3,3,4f 6,9,,1.26,1.12,R,2.6785714290000002,Eu
145,F-1,-1,2p 6,2,,1.145,1.285,,-0.778210117,F
146,F-1,-1,2p 6,3,,1.16,1.3,,-0.7692307690000001,F
147,F-1,-1,2p 6,4,,1.17,1.31,,-0.763358779,F
148,F-1,-1,2p 6,6,,1.19,1.33,,-0.7518796990000001,F
149,F+7,7,1s 2,6,,0.22,0.08,A,87.5,F
150,Fe+2,2,3d 6,4,HS,0.77,0.63,,3.174603175,Fe
151,Fe+2,2,3d 6,4,HS,0.78,0.64,,3.125,Fe
152,Fe+2,2,3d 6,6,LS,0.75,0.61,E,3.278688525,Fe
153,Fe+2,2,3d 6,6,HS,0.92,0.78,R*,2.564102564,Fe
154,Fe+2,2,3d 6,8,HS,1.06,0.92,C,2.173913043,Fe
155,Fe+3,3,3d 5,4,HS,0.63,0.49,*,6.12244898,Fe
156,Fe+3,3,3d 5,5,,0.72,0.58,,5.1724137930000005,Fe
157,Fe+3,3,3d 5,6,LS,0.69,0.55,R,5.454545455,Fe
158,Fe+3,3,3d 5,6,HS,0.785,0.645,R*,4.651162791,Fe
159,Fe+3,3,3d 5,8,HS,0.92,0.78,,3.8461538460000004,Fe
160,Fe+4,4,3d 4,6,,0.725,0.585,R,6.837606837999999,Fe
161,Fe+6,6,3d2,4,,0.39,0.25,R,24.0,Fe
162,Fr+1,1,6p 6,6,,1.94,1.8,A,0.5555555560000001,Fr
163,Ga+3,3,3d 10,4,,0.61,0.47,*,6.382978723,Ga
164,Ga+3,3,3d 10,5,,0.69,0.55,,5.454545455,Ga
165,Ga+3,3,3d 10,6,,0.76,0.62,R*,4.838709677,Ga
166,Gd+3,3,4f 7,6,,1.078,0.938,R,3.1982942430000003,Gd
167,Gd+3,3,4f 7,7,,1.14,1.0,,3.0,Gd
168,Gd+3,3,4f 7,8,,1.193,1.053,R,2.8490028489999997,Gd
169,Gd+3,3,4f 7,9,,1.247,1.107,RC,2.7100271,Gd
170,Ge+2,2,4s 2,6,,0.87,0.73,A,2.7397260269999997,Ge
171,Ge+4,4,3d 10,4,,0.53,0.39,*,10.25641026,Ge
172,Ge+4,4,3d 10,6,,0.67,0.53,R*,7.547169811,Ge
173,H+1,1,1s 0,1,,-0.24,-0.38,,-2.631578947,H
174,H+1,1,1s 0,2,,-0.04,-0.18,,-5.555555556,H
175,Hf+4,4,4f 14,4,,0.72,0.58,R,6.896551724,Hf
176,Hf+4,4,4f 14,6,,0.85,0.71,R,5.633802817,Hf
177,Hf+4,4,4f 14,7,,0.9,0.76,,5.263157895,Hf
178,Hf+4,4,4f 14,8,,0.97,0.83,,4.8192771080000005,Hf
179,Hg+1,1,6s 1,3,,1.11,0.97,,1.030927835,Hg
180,Hg+1,1,6s 1,6,,1.33,1.19,,0.8403361340000001,Hg
181,Hg+2,2,5d 10,2,,0.83,0.69,,2.898550725,Hg
182,Hg+2,2,5d 10,4,,1.1,0.96,,2.083333333,Hg
183,Hg+2,2,5d 10,6,,1.16,1.02,,1.960784314,Hg
184,Hg+2,2,5d 10,8,,1.28,1.14,R,1.754385965,Hg
185,Ho+3,3,4f 10,6,,1.041,0.9009999999999999,R,3.32963374,Ho
186,Ho+3,3,4f 10,8,,1.155,1.015,R,2.955665025,Ho
187,Ho+3,3,4f 10,9,,1.212,1.072,R,2.798507463,Ho
188,Ho+3,3,4f 10,10,,1.26,1.12,,2.6785714290000002,Ho
189,I-1,-1,5p 6,6,,2.06,2.2,A,-0.454545455,I
190,I+5,5,5s 2,3,,0.58,0.44,*,11.36363636,I
191,I+5,5,5s 2,6,,1.09,0.95,,5.263157895,I
192,I+7,7,4d 10,4,,0.56,0.42,,16.66666667,I
193,I+7,7,4d 10,6,,0.67,0.53,,13.20754717,I
194,In+3,3,4d 10,4,,0.76,0.62,,4.838709677,In
195,In+3,3,4d 10,6,,0.94,0.8,R*,3.75,In
196,In+3,3,4d 10,8,,1.06,0.92,RC,3.260869565,In
197,Ir+3,3,5d 6,6,,0.82,0.68,E,4.4117647060000005,Ir
198,Ir+4,4,5d 5,6,,0.765,0.625,R,6.4,Ir
199,Ir+5,5,5d 4,6,,0.71,0.57,EM,8.771929825,Ir
200,K+1,1,3p 6,4,,1.51,1.37,,0.729927007,K
201,K+1,1,3p 6,6,,1.52,1.38,,0.7246376809999999,K
202,K+1,1,3p 6,7,,1.6,1.46,,0.684931507,K
203,K+1,1,3p 6,8,,1.65,1.51,,0.662251656,K
204,K+1,1,3p 6,9,,1.69,1.55,,0.64516129,K
205,K+1,1,3p 6,10,,1.73,1.59,,0.628930818,K
206,K+1,1,3p 6,12,,1.78,1.64,,0.609756098,K
207,La+3,3,4d 10,6,,1.172,1.032,R,2.9069767439999996,La
208,La+3,3,4d 10,7,,1.24,1.1,,2.727272727,La
209,La+3,3,4d 10,8,,1.3,1.16,R,2.586206897,La
210,La+3,3,4d 10,9,,1.3559999999999999,1.216,R,2.467105263,La
211,La+3,3,4d 10,10,,1.41,1.27,,2.362204724,La
212,La+3,3,4d 10,12,,1.5,1.36,C,2.2058823530000002,La
213,Li+1,1,1s 2,4,,0.73,0.59,*,1.694915254,Li
214,Li+1,1,1s 2,6,,0.9,0.76,*,1.315789474,Li
215,Li+1,1,1s 2,8,,1.06,0.92,C,1.086956522,Li
216,Lu+3,3,4f 14,6,,1.001,0.861,R,3.4843205569999998,Lu
217,Lu+3,3,4f 14,8,,1.117,0.977,R,3.07062436,Lu
218,Lu+3,3,4f 14,9,,1.172,1.032,R,2.9069767439999996,Lu
219,Mg+2,2,2p 6,4,,0.71,0.57,,3.50877193,Mg
220,Mg+2,2,2p 6,5,,0.8,0.66,,3.03030303,Mg
221,Mg+2,2,2p 6,6,,0.86,0.72,*,2.777777778,Mg
222,Mg+2,2,2p 6,8,,1.03,0.89,C,2.247191011,Mg
223,Mn+2,2,3d 5,4,HS,0.8,0.66,,3.03030303,Mn
224,Mn+2,2,3d 5,5,HS,0.89,0.75,C,2.666666667,Mn
225,Mn+2,2,3d 5,6,LS,0.81,0.67,E,2.985074627,Mn
226,Mn+2,2,3d 5,6,HS,0.97,0.83,R*,2.4096385540000003,Mn
227,Mn+2,2,3d 5,7,HS,1.04,0.9,C,2.222222222,Mn
228,Mn+2,2,3d 5,8,,1.1,0.96,R,2.083333333,Mn
229,Mn+3,3,3d 4,5,,0.72,0.58,,5.1724137930000005,Mn
230,Mn+3,3,3d 4,6,LS,0.72,0.58,R,5.1724137930000005,Mn
231,Mn+3,3,3d 4,6,HS,0.785,0.645,R*,4.651162791,Mn
232,Mn+4,4,3d 3,4,,0.53,0.39,R,10.25641026,Mn
233,Mn+4,4,3d 3,6,,0.67,0.53,R*,7.547169811,Mn
234,Mn+5,5,3d 2,4,,0.47,0.33,R,15.15151515,Mn
235,Mn+6,6,3d 1,4,,0.395,0.255,,23.52941176,Mn
236,Mn+7,7,3p 6,4,,0.39,0.25,,28.0,Mn
237,Mn+7,7,3p 6,6,,0.6,0.46,A,15.2173913,Mn
238,Mo+3,3,4d 3,6,,0.83,0.69,E,4.347826087,Mo
239,Mo+4,4,4d 2,6,,0.79,0.65,RM,6.153846154,Mo
240,Mo+5,5,4d 1,4,,0.6,0.46,R,10.86956522,Mo
241,Mo+5,5,4d 1,6,,0.75,0.61,R,8.196721311000001,Mo
242,Mo+6,6,4p 6,4,,0.55,0.41,R*,14.63414634,Mo
243,Mo+6,6,4p 6,5,,0.64,0.5,,12.0,Mo
244,Mo+6,6,4p 6,6,,0.73,0.59,R*,10.16949153,Mo
245,Mo+6,6,4p 6,7,,0.87,0.73,,8.219178082,Mo
246,N-3,-3,2p 6,4,,1.32,1.46,,-2.054794521,N
247,N+3,3,2s 2,6,,0.3,0.16,A,18.75,N
248,N+5,5,1s 2,3,,0.044000000000000004,-0.10400000000000001,,-48.07692308,N
249,N+5,5,1s 2,4,,0.27,0.13,A,38.46153846,N
250,Na+1,1,2p 6,4,,1.13,0.99,,1.01010101,Na
251,Na+1,1,2p 6,5,,1.14,1.0,,1.0,Na
252,Na+1,1,2p 6,6,,1.16,1.02,,0.980392157,Na
253,Na+1,1,2p 6,7,,1.26,1.12,,0.892857143,Na
254,Na+1,1,2p 6,8,,1.32,1.18,,0.847457627,Na
255,Na+1,1,2p 6,9,,1.38,1.24,C,0.806451613,Na
256,Na+1,1,2p 6,12,,1.53,1.39,,0.71942446,Na
257,Nb+3,3,4d 2,6,,0.86,0.72,,4.166666667,Nb
258,Nb+4,4,4d 1,6,,0.82,0.68,RE,5.882352941000001,Nb
259,Nb+4,4,4d 1,8,,0.93,0.79,,5.0632911389999995,Nb
260,Nb+5,5,4p 6,4,,0.62,0.48,C,10.41666667,Nb
261,Nb+5,5,4p 6,6,,0.78,0.64,,7.8125,Nb
262,Nb+5,5,4p 6,7,,0.83,0.69,C,7.246376812,Nb
263,Nb+5,5,4p 6,8,,0.88,0.74,,6.756756757000001,Nb
264,Nd+2,2,4f 4,8,,1.43,1.29,,1.5503875969999998,Nd
265,Nd+2,2,4f 4,9,,1.49,1.35,,1.4814814809999999,Nd
266,Nd+3,3,4f 3,6,,1.123,0.983,R,3.051881994,Nd
267,Nd+3,3,4f 3,8,,1.249,1.109,R*,2.7051397660000003,Nd
268,Nd+3,3,4f 3,9,,1.3030000000000002,1.163,R,2.579535684,Nd
269,Nd+3,3,4f 3,12,,1.41,1.27,E,2.362204724,Nd
270,Ni+2,2,3d 8,4,,0.69,0.55,,3.6363636360000005,Ni
271,Ni+2,2,3d 8,4,,0.63,0.49,,4.081632653,Ni
272,Ni+2,2,3d 8,5,,0.77,0.63,E,3.174603175,Ni
273,Ni+2,2,3d 8,6,,0.83,0.69,R*,2.898550725,Ni
274,Ni+3,3,3d 7,6,LS,0.7,0.56,R*,5.3571428569999995,Ni
275,Ni+3,3,3d 7,6,HS,0.74,0.6,E,5.0,Ni
276,Ni+4,4,3d 6,6,LS,0.62,0.48,R,8.333333332999999,Ni
277,No+2,2,5f 14,6,,1.24,1.1,E,1.8181818180000002,No
278,Np+2,2,5f 5,6,,1.24,1.1,,1.8181818180000002,Np
279,Np+3,3,5f 4,6,,1.15,1.01,,2.97029703,Np
280,Np+4,4,5f 3,6,,1.01,0.87,R,4.597701149,Np
281,Np+4,4,5f 3,8,,1.12,0.98,R,4.081632653,Np
282,Np+5,5,5f 2,6,,0.89,0.75,R,6.666666667,Np
283,Np+6,6,5f 1 ,6,,0.86,0.72,,8.333333332999999,Np
284,Np+7,7,6p 6,6,,0.85,0.71,R,9.85915493,Np
285,O-2,-2,2p 6,2,,1.21,1.35,A,-1.4814814809999999,O
286,O-2,-2,2p 6,3,,1.22,1.36,,-1.470588235,O
287,O-2,-2,2p 6,4,,1.24,1.38,,-1.4492753619999998,O
288,O-2,-2,2p 6,6,,1.26,1.4,,-1.428571429,O
289,O-2,-2,2p 6,8,,1.28,1.42,,-1.408450704,O
290,OH-1,-1,,2,,1.18,1.32,,-0.757575758,O
291,OH-1,-1,,3,,1.2,1.34,,-0.746268657,O
292,OH-1,-1,,4,,1.21,1.35,E,-0.740740741,O
293,OH-1,-1,,6,,1.23,1.37,E,-0.729927007,O
294,Os+4,4,5d 4,6,,0.77,0.63,RM,6.349206349,Os
295,Os+5,5,5d 3,6,,0.715,0.575,E,8.695652174,Os
296,Os+6,6,5d 2,5,,0.63,0.49,,12.24489796,Os
297,Os+6,6,5d 2,6,,0.685,0.545,E,11.00917431,Os
298,Os+7,7,5d 1,6,,0.665,0.525,E,13.33333333,Os
299,Os+8,8,5p 6,4,,0.53,0.39,,20.51282051,Os
300,P+3,3,3s 2,6,,0.58,0.44,A,6.818181817999999,P
301,P+5,5,2p 6,4,,0.31,0.17,*,29.41176471,P
302,P+5,5,2p 6,5,,0.43,0.29,,17.24137931,P
303,P+5,5,2p 6,6,,0.52,0.38,C,13.15789474,P
304,Pa+3,3,5f 2,6,,1.18,1.04,E,2.884615385,Pa
305,Pa+4,4,6d 1,6,,1.04,0.9,R,4.444444444,Pa
306,Pa+4,4,6d 1,8,,1.15,1.01,,3.96039604,Pa
307,Pa+5,5,6p 6,6,,0.92,0.78,,6.41025641,Pa
308,Pa+5,5,6p 6,8,,1.05,0.91,,5.494505495,Pa
309,Pa+5,5,6p 6,9,,1.09,0.95,,5.263157895,Pa
310,Pb+2,2,6s 2,4,,1.12,0.98,C,2.040816327,Pb
311,Pb+2,2,6s 2,6,,1.33,1.19,,1.680672269,Pb
312,Pb+2,2,6s 2,7,,1.37,1.23,C,1.62601626,Pb
313,Pb+2,2,6s 2,8,,1.43,1.29,C,1.5503875969999998,Pb
314,Pb+2,2,6s 2,9,,1.49,1.35,C,1.4814814809999999,Pb
315,Pb+2,2,6s 2,10,,1.54,1.4,C,1.428571429,Pb
316,Pb+2,2,6s 2,11,,1.59,1.45,C,1.379310345,Pb
317,Pb+2,2,6s 2,12,,1.63,1.49,,1.342281879,Pb
318,Pb+4,4,5d 10,4,,0.79,0.65,E,6.153846154,Pb
319,Pb+4,4,5d 10,5,,0.87,0.73,E,5.479452055,Pb
320,Pb+4,4,5d 10,6,,0.915,0.775,R,5.161290323,Pb
321,Pb+4,4,5d 10,8,,1.08,0.94,R,4.255319149,Pb
322,Pd+1,1,4d 9,2,,0.73,0.59,,1.694915254,Pd
323,Pd+2,2,4d 8,4,,0.78,0.64,,3.125,Pd
324,Pd+2,2,4d 8,6,,1.0,0.86,,2.325581395,Pd
325,Pd+3,3,4d 7,6,,0.9,0.76,,3.947368421,Pd
326,Pd+4,4,4d 6,6,,0.755,0.615,R,6.5040650410000005,Pd
327,Pm+3,3,4f 4,6,,1.11,0.97,R,3.092783505,Pm
328,Pm+3,3,4f 4,8,,1.2329999999999999,1.093,R,2.74473925,Pm
329,Pm+3,3,4f 4,9,,1.284,1.1440000000000001,R,2.6223776219999997,Pm
330,Po+4,4,6s 2,6,,1.08,0.94,R,4.255319149,Po
331,Po+4,4,6s 2,8,,1.22,1.08,R,3.7037037039999996,Po
332,Po+6,6,5d 10,6,,0.81,0.67,A,8.955223881,Po
333,Pr+3,3,4f 2,6,,1.13,0.99,R,3.03030303,Pr
334,Pr+3,3,4f 2,8,,1.266,1.126,R,2.664298401,Pr
335,Pr+3,3,4f 2,9,,1.319,1.179,R,2.5445292619999997,Pr
336,Pr+4,4,4f 1,6,,0.99,0.85,R,4.705882353,Pr
337,Pr+4,4,4f 1,8,,1.1,0.96,R,4.166666667,Pr
338,Pt+2,2,5d 8,4,,0.74,0.6,,3.333333333,Pt
339,Pt+2,2,5d 8,6,,0.94,0.8,A,2.5,Pt
340,Pt+4,4,5d 6,6,,0.765,0.625,R,6.4,Pt
341,Pt+5,5,5d 5,6,,0.71,0.57,ER,8.771929825,Pt
342,Pu+3,3,5f 5,6,,1.14,1.0,R,3.0,Pu
343,Pu+4,4,5f 4,6,,1.0,0.86,R,4.651162791,Pu
344,Pu+4,4,5f 4,8,,1.1,0.96,,4.166666667,Pu
345,Pu+5,5,5f 3,6,,0.88,0.74,E,6.756756757000001,Pu
346,Pu+6,6,5f 2,6,,0.85,0.71,R,8.450704225,Pu
347,Ra+2,2,6p 6,8,,1.62,1.48,R,1.351351351,Ra
348,Ra+2,2,6p 6,12,,1.84,1.7,R,1.176470588,Ra
349,Rb+1,1,4p 6,6,,1.66,1.52,,0.657894737,Rb
350,Rb+1,1,4p 6,7,,1.7,1.56,,0.641025641,Rb
351,Rb+1,1,4p 6,8,,1.75,1.61,,0.621118012,Rb
352,Rb+1,1,4p 6,9,,1.77,1.63,E,0.613496933,Rb
353,Rb+1,1,4p 6,10,,1.8,1.66,,0.602409639,Rb
354,Rb+1,1,4p 6,11,,1.83,1.69,,0.591715976,Rb
355,Rb+1,1,4p 6,12,,1.86,1.72,,0.581395349,Rb
356,Rb+1,1,4p 6,14,,1.97,1.83,,0.546448087,Rb
357,Re+4,4,5d 3,6,,0.77,0.63,RM,6.349206349,Re
358,Re+5,5,5d 2,6,,0.72,0.58,E,8.620689655,Re
359,Re+6,6,5d 1,6,,0.69,0.55,E,10.90909091,Re
360,Re+7,7,5p 6,4,,0.52,0.38,,18.42105263,Re
361,Re+7,7,5p 6,6,,0.67,0.53,,13.20754717,Re
362,Rh+3,3,4d 6,6,,0.805,0.665,R,4.511278195,Rh
363,Rh+4,4,4d 5,6,,0.74,0.6,RM,6.666666667,Rh
364,Rh+5,5,4d 4,6,,0.69,0.55,,9.090909091,Rh
365,Ru+3,3,4d 5,6,,0.82,0.68,,4.4117647060000005,Ru
366,Ru+4,4,4d 4,6,,0.76,0.62,RM,6.451612902999999,Ru
367,Ru+5,5,4d 3,6,,0.705,0.565,ER,8.849557522000001,Ru
368,Ru+7,7,4d 1,4,,0.52,0.38,,18.42105263,Ru
369,Ru+8,8,4p 6,4,,0.5,0.36,,22.22222222,Ru
370,S-2,-2,3p 6,6,,1.7,1.84,P,-1.086956522,S
371,S+4,4,3s 2,6,,0.51,0.37,A,10.81081081,S
372,S+6,6,2p 6,4,,0.26,0.12,*,50.0,S
373,S+6,6,2p 6,6,,0.43,0.29,C,20.68965517,S
374,Sb+3,3,5s 2,4,,0.9,0.74,,4.054054054,Sb
375,Sb+3,3,5s 2,5,,0.94,0.8,,3.75,Sb
376,Sb+3,3,5s 2,6,,0.9,0.76,A,3.947368421,Sb
377,Sb+5,5,4d 10,6,,0.74,0.6,*,8.333333332999999,Sb
378,Sc+3,3,3p 6,6,,0.885,0.745,R*,4.026845638,Sc
379,Sc+3,3,3p 6,8,,1.01,0.87,R*,3.448275862,Sc
380,Se-2,-2,4p 6,6,,1.84,1.98,P,-1.01010101,Se
381,Se+4,4,4s 2,6,,0.64,0.5,A,8.0,Se
382,Se+6,6,3d 10,4,,0.42,0.28,*,21.42857143,Se
383,Se+6,6,3d 10,6,,0.56,0.42,C,14.28571429,Se
384,Si+4,4,2p 6,4,,0.4,0.26,*,15.38461538,Si
385,Si+4,4,2p 6,6,,0.54,0.4,R*,10.0,Si
386,Sm+2,2,4f 6,7,,1.36,1.22,,1.6393442619999998,Sm
387,Sm+2,2,4f 6,8,,1.41,1.27,,1.57480315,Sm
388,Sm+2,2,4f 6,9,,1.46,1.32,,1.515151515,Sm
389,Sm+3,3,4f 5,6,,1.0979999999999999,0.958,R,3.131524008,Sm
390,Sm+3,3,4f 5,7,,1.16,1.02,E,2.9411764710000003,Sm
391,Sm+3,3,4f 5,8,,1.219,1.079,R,2.7803521780000002,Sm
392,Sm+3,3,4f 5,9,,1.272,1.1320000000000001,R,2.6501766780000002,Sm
393,Sm+3,3,4f 5,12,,1.38,1.24,C,2.419354839,Sm
394,Sn+4,4,4d 10,4,,0.69,0.55,R,7.272727272999999,Sn
395,Sn+4,4,4d 10,5,,0.76,0.62,C,6.451612902999999,Sn
396,Sn+4,4,4d 10,6,,0.83,0.69,R*,5.7971014489999995,Sn
397,Sn+4,4,4d 10,7,,0.89,0.75,,5.333333333,Sn
398,Sn+4,4,4d 10,8,,0.95,0.81,C,4.938271605,Sn
399,Sr+2,2,4p 6,6,,1.32,1.18,,1.694915254,Sr
400,Sr+2,2,4p 6,7,,1.35,1.21,,1.652892562,Sr
401,Sr+2,2,4p 6,8,,1.4,1.26,,1.5873015869999998,Sr
402,Sr+2,2,4p 6,9,,1.45,1.31,,1.5267175569999998,Sr
403,Sr+2,2,4p 6,10,,1.5,1.36,C,1.470588235,Sr
404,Sr+2,2,4p 6,12,,1.58,1.44,C,1.388888889,Sr
405,Ta+3,3,5d 2,6,,0.86,0.72,E,4.166666667,Ta
406,Ta+4,4,5d 1,6,,0.82,0.68,E,5.882352941000001,Ta
407,Ta+5,5,5p 6,6,,0.78,0.64,,7.8125,Ta
408,Ta+5,5,5p 6,7,,0.83,0.69,,7.246376812,Ta
409,Ta+5,5,5p 6,8,,0.88,0.74,,6.756756757000001,Ta
410,Tb+3,3,4f 8,6,,1.063,0.9229999999999999,R,3.250270856,Tb
411,Tb+3,3,4f 8,7,,1.12,0.98,E,3.06122449,Tb
412,Tb+3,3,4f 8,8,,1.18,1.04,R,2.884615385,Tb
413,Tb+3,3,4f 8,9,,1.235,1.095,R,2.7397260269999997,Tb
414,Tb+4,4,4f 7,6,,0.9,0.76,R,5.263157895,Tb
415,Tb+4,4,4f 7,8,,1.02,0.88,,4.545454545,Tb
416,Tc+4,4,4d 3,6,,0.785,0.645,RM,6.201550387999999,Tc
417,Tc+5,5,4d 2,6,,0.74,0.6,ER,8.333333332999999,Tc
418,Tc+7,7,4p 6,4,,0.51,0.37,,18.91891892,Tc
419,Tc+7,7,4p 6,6,,0.7,0.56,A,12.5,Tc
420,Te(-2),-2,5p 6,6,,2.07,2.21,P,-0.904977376,Te
421,Te+4,4,5s 2,3,,0.66,0.52,,7.692307692000001,Te
422,Te+4,4,5s 2,4,,0.8,0.66,,6.0606060610000005,Te
423,Te+4,4,5s 2,6,,1.11,0.97,,4.12371134,Te
424,Te+6,6,4d 10,4,,0.57,0.43,C,13.95348837,Te
425,Te+6,6,4d 10,6,,0.7,0.56,*,10.71428571,Te
426,Th+4,4,6p 6,6,,1.08,0.94,C,4.255319149,Th
427,Th+4,4,6p 6,8,,1.19,1.05,RC,3.80952381,Th
428,Th+4,4,6p 6,9,,1.23,1.09,*,3.6697247710000003,Th
429,Th+4,4,6p 6,10,,1.27,1.13,E,3.5398230089999996,Th
430,Th+4,4,6p 6,11,,1.32,1.18,C,3.389830508,Th
431,Th+4,4,6p 6,12,,1.35,1.21,C,3.305785124,Th
432,Ti+2,2,3d 2,6,,1.0,0.86,E,2.325581395,Ti
433,Ti+3,3,3d 1,6,,0.81,0.67,R*,4.47761194,Ti
434,Ti+4,4,3p 6,4,,0.56,0.42,C,9.523809523999999,Ti
435,Ti+4,4,3p 6,5,,0.65,0.51,C,7.843137255,Ti
436,Ti+4,4,3p 6,6,,0.745,0.605,R*,6.611570248,Ti
437,Ti+4,4,3p 6,8,,0.88,0.74,C,5.405405405,Ti
438,Tl+1,1,6s 2,6,,1.64,1.5,R,0.666666667,Tl
439,Tl+1,1,6s 2,8,,1.73,1.59,R,0.628930818,Tl
440,Tl+1,1,6s 2,12,,1.84,1.7,RE,0.588235294,Tl
441,Tl+3,3,5d 10,4,,0.89,0.75,,4.0,Tl
442,Tl+3,3,5d 10,6,,1.025,0.885,R,3.389830508,Tl
443,Tl+3,3,5d 10,8,,1.12,0.98,C,3.06122449,Tl
444,Tm+2,2,4f 13,6,,1.17,1.03,,1.9417475730000002,Tm
445,Tm+2,2,4f 13,7,,1.23,1.09,,1.834862385,Tm
446,Tm+3,3,4f 12,6,,1.02,0.88,R,3.4090909089999997,Tm
447,Tm+3,3,4f 12,8,,1.1340000000000001,0.9940000000000001,R,3.018108652,Tm
448,Tm+3,3,4f 12,9,,1.192,1.052,R,2.851711027,Tm
449,U+3,3,5f 3,6,,1.165,1.025,R,2.926829268,U
450,U+4,4,5f 2,6,,1.03,0.89,,4.494382022,U
451,U+4,4,5f 2,7,,1.09,0.95,E,4.210526316,U
452,U+4,4,5f 2,8,,1.14,1.0,R*,4.0,U
453,U+4,4,5f 2,9,,1.19,1.05,,3.80952381,U
454,U+4,4,5f 2,12,,1.31,1.17,E,3.4188034189999996,U
455,U+5,5,5f 1,6,,0.9,0.76,,6.578947368,U
456,U+5,5,5f 1,7,,0.98,0.84,E,5.952380952,U
457,U+6,6,6p 6,2,,0.59,0.45,,13.33333333,U
458,U+6,6,6p 6,4,,0.66,0.52,,11.53846154,U
459,U+6,6,6p 6,6,,0.87,0.73,*,8.219178082,U
460,U+6,6,6p 6,7,,0.95,0.81,E,7.407407407000001,U
461,U+6,6,6p 6,8,,1.0,0.86,,6.976744186,U
462,V+2,2,3d 3,6,,0.93,0.79,,2.53164557,V
463,V+3,3,3d 2,6,,0.78,0.64,R*,4.6875,V
464,V+4,4,3d 1,5,,0.67,0.53,,7.547169811,V
465,V+4,4,3d 1,6,,0.72,0.58,R*,6.896551724,V
466,V+4,4,3d 1,8,,0.86,0.72,E,5.555555556,V
467,V+5,5,3p 6,4,,0.495,0.355,R*,14.08450704,V
468,V+5,5,3p 6,5,,0.6,0.46,*,10.86956522,V
469,V+5,5,3p 6,6,,0.68,0.54,,9.259259259,V
470,W+4,4,5d 2,6,,0.8,0.66,RM,6.0606060610000005,W
471,W+5,5,5d 1,6,,0.76,0.62,R,8.064516129,W
472,W+6,6,5p 6,4,,0.56,0.42,*,14.28571429,W
473,W+6,6,5p 6,5,,0.65,0.51,,11.76470588,W
474,W+6,6,5p 6,6,,0.74,0.6,*,10.0,W
475,Xe+8,8,4d 10,4,,0.54,0.4,,20.0,Xe
476,Xe+8,8,4d 10,6,,0.62,0.48,,16.66666667,Xe
477,Y+3,3,4p 6,6,,1.04,0.9,R*,3.333333333,Y
478,Y+3,3,4p 6,7,,1.1,0.96,,3.125,Y
479,Y+3,3,4p 6,8,,1.159,1.0190000000000001,R*,2.944062807,Y
480,Y+3,3,4p 6,9,,1.215,1.075,R,2.7906976739999996,Y
481,Yb+2,2,4f 14,6,,1.16,1.02,,1.960784314,Yb
482,Yb+2,2,4f 14,7,,1.22,1.08,E,1.8518518519999998,Yb
483,Yb+2,2,4f 14,8,,1.28,1.14,,1.754385965,Yb
484,Yb+3,3,4f 13,6,,1.008,0.868,R*,3.456221198,Yb
485,Yb+3,3,4f 13,7,,1.065,0.925,E,3.243243243,Yb
486,Yb+3,3,4f 13,8,,1.125,0.985,R,3.0456852789999997,Yb
487,Yb+3,3,4f 13,9,,1.182,1.042,R,2.879078695,Yb
488,Zn+2,2,3d 10,4,,0.74,0.6,*,3.333333333,Zn
489,Zn+2,2,3d 10,5,,0.82,0.68,*,2.9411764710000003,Zn
490,Zn+2,2,3d 10,6,,0.88,0.74,R*,2.702702703,Zn
491,Zn+2,2,3d 10,8,,1.04,0.9,C,2.222222222,Zn
492,Zr+4,4,4p 6,4,,0.73,0.59,R,6.7796610170000005,Zr
493,Zr+4,4,4p 6,5,,0.8,0.66,C,6.0606060610000005,Zr
494,Zr+4,4,4p 6,6,,0.86,0.72,R*,5.555555556,Zr
495,Zr+4,4,4p 6,7,,0.92,0.78,*,5.128205128,Zr
496,Zr+4,4,4p 6,8,,0.98,0.84,*,4.7619047619999995,Zr
497,Zr+4,4,4p 6,9,,1.03,0.89,,4.494382022,Zr
